data;godzina;zam√≥wiono;wyprodukowano
05-01-2024;05:35:16;5;4.9871
17-01-2024;06:40:56;1;0.9898
17-01-2024;06:49:10;3.5;3.4158
17-01-2024;08:19:40;3;2.957
17-01-2024;08:25:03;3;2.9705
17-01-2024;08:34:30;8;8.0159
17-01-2024;08:50:16;8;8.0048
17-01-2024;10:02:54;7.5;7.4883
17-01-2024;11:17:10;1;0.9926
17-01-2024;11:34:26;7.1;7.0795
17-01-2024;11:51:14;7;7.0027
17-01-2024;12:43:25;5.5;5.4903
17-01-2024;14:06:25;8.9;8.9216
17-01-2024;14:17:56;8;7.9621
17-01-2024;14:59:44;9;9.0013
17-01-2024;15:14:40;9;8.9642
17-01-2024;15:22:29;4.5;4.4841
17-01-2024;15:42:40;9;8.9791
17-01-2024;16:00:02;6;5.9668
17-01-2024;17:18:53;7.3;7.2915
23-01-2024;08:02:54;0.8;0.7673
23-01-2024;13:11:18;8.4;8.4103
23-01-2024;13:44:22;10.3;10.3092
23-01-2024;13:53:24;6.5;6.5148
23-01-2024;14:03:07;7;7.0413
23-01-2024;14:21:34;9;9.0086
23-01-2024;14:47:07;8;7.9874
23-01-2024;15:07:42;11;11.0111
23-01-2024;15:17:25;8;8.0274
23-01-2024;15:28:57;8;8.0556
23-01-2024;15:46:15;8;8.0205
23-01-2024;15:58:36;9;9.0381
23-01-2024;16:08:17;8;8.0359
23-01-2024;16:13:26;2.5;2.5474
31-01-2024;06:07:58;0.5;0.5134
31-01-2024;06:15:15;4;3.8749
01-02-2024;06:09:47;3;2.9635
01-02-2024;06:13:12;1;0.9769
01-02-2024;06:17:31;2;1.9856
02-02-2024;06:06:35;2;1.9023
02-02-2024;08:44:19;8;8.0139
02-02-2024;08:54:29;7.3;7.3118
02-02-2024;09:39:20;8;8.0075
02-02-2024;09:58:20;7;6.997
02-02-2024;10:07:30;6.2;6.206
02-02-2024;10:33:37;9;9.0128
02-02-2024;11:35:46;8;8.0812
02-02-2024;11:47:19;8;8.0026
02-02-2024;11:56:51;8;8.0182
02-02-2024;12:05:59;8;8.0011
02-02-2024;12:22:27;8;8.0128
02-02-2024;12:47:23;8.5;8.5071
02-02-2024;13:03:42;8;7.9966
02-02-2024;13:15:01;8;8.0197
02-02-2024;13:31:57;8;8.0826
02-02-2024;13:42:14;8;8.0295
02-02-2024;13:50:44;8;8.0355
02-02-2024;14:06:11;8;8.0137
02-02-2024;14:15:46;8;8.0077
02-02-2024;14:26:19;7.6;7.6189
02-02-2024;14:44:17;10;10.02
02-02-2024;14:59:39;8.5;8.5926
02-02-2024;15:28:00;9;9.1065
02-02-2024;15:38:38;8;8.1207
02-02-2024;16:26:16;9;9.0434
14-02-2024;06:56:02;8;8.0921
14-02-2024;07:07:17;8;8.003
14-02-2024;08:04:25;8;8.0561
14-02-2024;08:18:09;8;8.0356
14-02-2024;08:42:17;8;8.0156
14-02-2024;08:53:58;8;8.0658
14-02-2024;10:11:35;8;8.0035
14-02-2024;10:25:18;8;8.0164
14-02-2024;10:37:16;8;8.02
14-02-2024;13:03:35;8;8.043
14-02-2024;13:38:13;9;9.0171
14-02-2024;14:13:50;8;8.048
14-02-2024;14:34:20;9.3;9.3539
14-02-2024;15:07:09;7;7.0189
14-02-2024;15:10:55;8.3;8.3177
15-02-2024;06:12:23;2;1.9683
15-02-2024;06:17:04;1.2;1.1888
15-02-2024;06:20:28;1;0.9791
15-02-2024;06:24:21;1;0.9817
16-02-2024;06:28:03;2;1.9743
19-02-2024;06:14:57;1;0.9855
19-02-2024;06:22:55;4.5;4.4737
19-02-2024;06:26:42;1.2;1.1791
19-02-2024;06:31:09;1.5;1.4598
19-02-2024;06:37:19;3;2.9549
19-02-2024;06:40:41;1.5;1.4752
19-02-2024;11:35:11;8;8.0908
19-02-2024;11:46:26;8;8.0313
19-02-2024;11:58:27;8;8.0461
19-02-2024;12:08:01;7;6.9987
19-02-2024;12:17:33;5;5.0182
19-02-2024;12:27:50;8;7.9948
19-02-2024;12:38:12;8;7.9744
19-02-2024;12:46:31;8;8.0044
19-02-2024;13:02:35;8;8.036
19-02-2024;13:13:55;8;8.0625
19-02-2024;13:23:24;6.8;6.8121
19-02-2024;13:33:53;8;8.023
19-02-2024;13:45:33;7.3;7.343
19-02-2024;13:54:39;8;8.033
19-02-2024;14:04:18;8;8.0387
19-02-2024;14:14:52;9;9.0452
19-02-2024;14:25:26;7;7.0148
19-02-2024;14:35:50;9;9.0613
19-02-2024;14:44:41;8;8.086
19-02-2024;14:56:35;8;8.0333
19-02-2024;15:04:14;4;4.043
19-02-2024;15:11:16;8;7.9992
19-02-2024;15:21:31;8;8.0308
19-02-2024;15:30:02;8;8.0417
19-02-2024;15:38:28;8;8.0165
19-02-2024;15:50:08;6.2;6.2177
19-02-2024;16:06:26;9;9.0143
19-02-2024;16:16:39;8;8.0388
19-02-2024;16:27:59;9;9.0439
19-02-2024;16:37:50;9;9.042
19-02-2024;16:45:42;8;8.0164
19-02-2024;16:55:48;9;9.0186
19-02-2024;17:16:03;5.5;5.6104
22-02-2024;06:13:25;2;1.9705
22-02-2024;06:19:16;1;0.9721
22-02-2024;07:55:08;8;7.969
22-02-2024;08:03:40;8;7.9791
22-02-2024;08:11:03;8;8.0017
22-02-2024;08:22:24;8;7.9857
22-02-2024;08:32:21;8;8.0061
22-02-2024;08:43:47;8;8.0361
22-02-2024;09:13:26;8;8.0384
22-02-2024;09:29:52;4;4.0117
22-02-2024;09:33:50;5.5;5.5047
22-02-2024;10:09:23;8;8.0776
22-02-2024;10:17:08;8;8.009
22-02-2024;10:35:01;8;8.1176
22-02-2024;10:44:04;8;8.0138
22-02-2024;10:55:37;8;8.0013
22-02-2024;11:07:03;8;8.01
22-02-2024;11:25:38;8;8.0219
22-02-2024;11:41:48;8;8.0395
22-02-2024;12:07:35;8;8.0793
22-02-2024;12:16:14;8;8.0471
22-02-2024;12:59:02;5.3;5.3146
22-02-2024;13:19:44;1.5;1.506
22-02-2024;13:36:13;8;8.0337
22-02-2024;13:48:04;8;8.0196
22-02-2024;14:18:40;8;8.0218
22-02-2024;14:41:39;2.1;2.0871
22-02-2024;15:19:58;8;8.0579
22-02-2024;15:33:11;10;10.0566
22-02-2024;15:47:57;3;3.0859
22-02-2024;16:00:14;8;8.0558
22-02-2024;16:20:17;9;9.028
22-02-2024;16:32:26;8;8.0702
22-02-2024;16:49:26;9;9.0304
22-02-2024;17:02:38;6.5;6.4949
22-02-2024;17:19:00;9;9.012
22-02-2024;17:47:07;8;8.0321
22-02-2024;17:57:06;8;8.0163
23-02-2024;06:10:47;2;1.9694
23-02-2024;07:47:00;1.5;1.4802
23-02-2024;08:36:34;7.5;7.5728
23-02-2024;09:52:35;9;9.0715
23-02-2024;10:02:30;9;9.0174
23-02-2024;10:12:58;7;7.0275
23-02-2024;10:43:39;9;9.041
23-02-2024;10:58:54;7.2;7.2047
23-02-2024;11:23:56;5;4.9922
23-02-2024;12:07:29;6;6.0313
23-02-2024;12:18:15;8;8.1135
23-02-2024;12:27:34;8;8.0285
23-02-2024;12:37:01;5.5;5.5676
23-02-2024;12:47:57;8;8.0364
23-02-2024;12:59:01;8;8.028
23-02-2024;13:24:15;8;8.0018
23-02-2024;13:45:50;7.6;7.5891
23-02-2024;14:00:28;8;8.0157
23-02-2024;14:17:57;8;8.0789
23-02-2024;14:31:16;8;8.0263
23-02-2024;14:40:47;5.3;5.321
23-02-2024;16:07:12;7.3;7.3259
23-02-2024;16:44:25;8;8.0276
26-02-2024;06:41:31;1.5;1.4925
26-02-2024;06:47:02;2;1.9705
26-02-2024;06:52:10;2;1.9748
26-02-2024;07:00:58;3.5;3.397
26-02-2024;08:02:47;8;8.0355
26-02-2024;08:08:32;4;3.8805
26-02-2024;08:38:33;2;1.9384
26-02-2024;09:04:03;8;8.0352
26-02-2024;09:56:10;8;8.0339
26-02-2024;10:50:39;8;8.0515
26-02-2024;11:09:38;1;0.9511
26-02-2024;11:22:35;8;8.0349
26-02-2024;11:33:31;8;8.034
26-02-2024;11:46:22;8;8.0375
26-02-2024;11:59:03;8;8.1188
26-02-2024;12:10:17;8;8.042
26-02-2024;12:18:08;6;6.0349
26-02-2024;12:29:13;8;8.0421
26-02-2024;12:38:57;8;8.0559
26-02-2024;12:44:39;1.5;1.5327
26-02-2024;12:57:18;2;1.9877
26-02-2024;13:27:14;8;8.0193
26-02-2024;13:46:08;8;8.0862
26-02-2024;13:56:29;8;8.0613
26-02-2024;13:59:54;0.8;0.7808
26-02-2024;14:11:16;8;8.0274
26-02-2024;14:21:07;6.5;6.5172
26-02-2024;14:29:00;8;8.0133
26-02-2024;14:37:51;8;8.03
26-02-2024;14:44:42;5;5.0132
26-02-2024;14:56:29;8;8.0686
26-02-2024;15:04:50;8;8.0425
26-02-2024;15:14:44;8;8.042
26-02-2024;15:24:28;8.7;8.7399
26-02-2024;15:40:10;8;8.0574
26-02-2024;15:48:50;8;8.045
26-02-2024;15:59:02;8;8.0392
26-02-2024;16:03:20;4;4.0133
26-02-2024;16:05:25;6;6.0215
26-02-2024;16:18:39;10.5;10.5159
26-02-2024;16:30:09;8;8.0227
26-02-2024;16:44:45;8;8.0236
26-02-2024;16:54:17;8;8.0677
26-02-2024;17:24:18;9;9.0592
26-02-2024;17:32:32;7.2;7.2918
26-02-2024;17:39:01;8;8.015
27-02-2024;10:37:31;8;8.0317
27-02-2024;10:46:54;6;6.1002
27-02-2024;11:06:28;6;6.0214
27-02-2024;11:43:18;8;7.9922
27-02-2024;11:52:44;8;8.0269
27-02-2024;12:00:28;5.5;5.5149
27-02-2024;12:29:51;8;8.0291
27-02-2024;12:39:43;8;7.9965
27-02-2024;12:49:10;8;8.03
27-02-2024;12:58:43;8;8.0174
27-02-2024;13:10:04;8;7.9982
27-02-2024;13:18:33;8;8.0178
27-02-2024;13:39:42;8.1;8.1224
27-02-2024;13:48:20;8;7.9974
27-02-2024;13:58:11;6.1;6.1278
27-02-2024;14:07:38;6;6.0226
27-02-2024;14:28:09;7.5;7.5043
27-02-2024;14:40:20;8;8.0401
27-02-2024;14:49:13;8;8.0414
27-02-2024;15:02:06;8;8.0336
27-02-2024;15:35:33;8;8.0322
27-02-2024;16:00:36;8;4.0078
27-02-2024;16:07:42;8;7.9865
27-02-2024;16:20:03;8;8.0017
27-02-2024;16:31:46;8;8.0214
01-03-2024;06:24:39;4;4.061
01-03-2024;06:39:04;8;8.0784
01-03-2024;06:51:03;8;7.9957
01-03-2024;08:18:46;8;7.9927
01-03-2024;08:29:33;8;8.0205
01-03-2024;08:38:04;8;8.0689
01-03-2024;08:45:32;8;8.0247
01-03-2024;08:53:20;8;8.0671
01-03-2024;10:01:57;8;8.0336
01-03-2024;10:11:48;8;8.045
01-03-2024;10:28:07;8;8.0212
01-03-2024;10:40:13;8;8.0115
01-03-2024;11:10:23;8;8.0278
01-03-2024;11:48:34;8;8.0144
01-03-2024;12:20:15;4;3.9622
01-03-2024;12:40:03;7;7.0126
01-03-2024;13:37:06;6.2;6.2
01-03-2024;13:47:49;9;9.0044
01-03-2024;14:00:44;8;7.9793
01-03-2024;14:23:04;8;8.0087
01-03-2024;14:40:36;8.5;8.5199
01-03-2024;14:57:23;8;8.0461
01-03-2024;15:05:42;2.5;2.516
04-03-2024;06:12:01;2;1.9645
04-03-2024;06:16:56;2;1.9748
04-03-2024;06:23:49;3.2;3.1667
04-03-2024;15:01:05;8;8.0437
04-03-2024;15:21:55;6.4;6.4387
04-03-2024;15:56:46;8;8.0307
04-03-2024;16:08:48;8;8.0389
04-03-2024;16:39:24;8;8.0315
04-03-2024;16:57:14;8;8.0204
04-03-2024;17:10:53;3.5;3.5701
05-03-2024;06:37:26;1.2;1.177
05-03-2024;06:59:28;3.5;3.3892
05-03-2024;07:23:37;6.5;6.5098
05-03-2024;07:52:50;6.5;6.5098
05-03-2024;08:01:16;5;5.0412
05-03-2024;08:20:59;2.5;2.5042
05-03-2024;08:59:48;4;4.0172
05-03-2024;10:28:33;0.5;0.497
05-03-2024;11:12:11;8;8.0178
05-03-2024;11:51:19;8;8.0217
05-03-2024;12:00:16;5.9;5.909
05-03-2024;12:11:48;8;8.0266
05-03-2024;12:20:11;5.5;5.5048
05-03-2024;12:29:59;8;8.0272
05-03-2024;12:39:21;4;4.028
05-03-2024;13:10:44;4;4
05-03-2024;13:22:31;8;8.0069
05-03-2024;13:32:44;7.8;7.7987
05-03-2024;13:48:37;9.1;9.0991
05-03-2024;14:02:31;9;9.0044
05-03-2024;14:31:13;8;8.0043
05-03-2024;15:15:03;8;8.0417
05-03-2024;15:24:24;8;8.0371
05-03-2024;15:32:54;8;8.0121
05-03-2024;15:43:14;9.1;9.0948
05-03-2024;15:53:05;8;8.0234
05-03-2024;16:02:56;8;8.022
05-03-2024;16:22:26;8;8.0043
05-03-2024;17:05:38;8;8.0185
05-03-2024;17:15:24;8;8.0121
05-03-2024;17:24:52;7.3;7.3207
06-03-2024;06:40:49;1.2;1.1844
06-03-2024;06:45:15;2;1.9748
07-03-2024;06:51:56;1;1.0263
07-03-2024;06:56:20;2;1.9577
07-03-2024;07:01:18;2.5;2.4839
08-03-2024;05:14:09;2;1.9517
08-03-2024;05:32:23;8;7.9711
08-03-2024;05:42:13;8;7.943
08-03-2024;05:51:27;8;7.9426
08-03-2024;06:03:10;8;7.9443
08-03-2024;06:11:04;8;7.9785
08-03-2024;06:19:58;8;7.9242
08-03-2024;06:29:04;8;7.9492
08-03-2024;06:40:00;8;7.9465
08-03-2024;07:10:15;8;7.9211
08-03-2024;07:22:06;8;7.9154
08-03-2024;07:40:38;8;7.9514
08-03-2024;07:48:55;8;8.0229
08-03-2024;08:15:05;8;7.9233
08-03-2024;08:33:11;8;8.0191
08-03-2024;09:01:59;8;7.9952
08-03-2024;09:04:26;0.5;0
08-03-2024;09:18:30;8;8.0086
08-03-2024;09:28:23;8;8.064
08-03-2024;09:36:39;8;8.0408
08-03-2024;09:56:54;8;8.0155
08-03-2024;10:08:36;8;8.006
08-03-2024;10:25:10;8;8.0017
08-03-2024;10:32:40;8;8.0173
08-03-2024;10:45:18;10.5;10.5017
08-03-2024;10:55:05;8;7.9979
08-03-2024;11:04:52;8;7.9875
08-03-2024;11:15:47;8;8.0098
08-03-2024;11:25:21;8;8.0467
08-03-2024;11:35:29;8;8.0022
08-03-2024;11:43:26;8;8.0026
08-03-2024;11:58:19;8;8.0052
08-03-2024;12:23:51;7.6;7.6204
08-03-2024;12:36:30;9;9.0268
08-03-2024;13:02:57;8;8.0056
08-03-2024;13:10:37;8.5;8.5087
08-03-2024;13:23:43;9;9.0125
08-03-2024;13:55:35;8.5;8.5115
08-03-2024;14:10:22;7.5;7.5416
08-03-2024;15:02:01;7;6.9979
08-03-2024;15:17:54;7;7.0259
08-03-2024;15:22:18;1.25;1.2205
08-03-2024;15:33:41;8;8.0047
08-03-2024;15:43:29;8;8.0302
08-03-2024;15:53:36;8;8.0251
08-03-2024;16:01:45;6;6.0108
11-03-2024;06:40:40;2;1.9812
11-03-2024;06:46:54;3;2.9635
11-03-2024;06:52:05;1.5;1.4807
11-03-2024;06:57:43;2.5;2.4775
11-03-2024;07:20:14;8;8.0656
11-03-2024;07:32:22;4;4.0206
11-03-2024;08:07:27;8;8.0209
11-03-2024;09:01:11;8;8.0302
11-03-2024;09:47:50;8;8.0444
11-03-2024;10:05:12;8;8.0008
11-03-2024;10:18:49;4.7;4.7209
11-03-2024;11:21:26;6.8;6.8134
11-03-2024;11:31:10;8;8.056
11-03-2024;11:40:05;8;8.0289
11-03-2024;11:49:04;8;8.0053
11-03-2024;12:32:04;8;8.0236
11-03-2024;12:47:07;8;8.0111
11-03-2024;12:58:21;8;8.0178
11-03-2024;13:16:42;6;6
11-03-2024;13:32:24;4.5;4.4739
11-03-2024;14:21:06;7;6.9944
11-03-2024;14:37:12;8;8.0116
11-03-2024;14:54:02;9;8.9957
11-03-2024;15:21:30;9.7;9.7141
11-03-2024;15:27:09;2;2.0383
11-03-2024;15:35:51;9;9.0418
11-03-2024;15:50:37;9;9.0212
11-03-2024;15:56:40;2;2.0548
11-03-2024;16:03:54;8;8.0376
11-03-2024;16:36:26;8;8.0455
11-03-2024;16:48:37;9.4;9.429
11-03-2024;16:59:05;6.3;6.3411
11-03-2024;17:21:54;7.5;7.5366
12-03-2024;06:35:39;8;8.0411
12-03-2024;06:45:05;2;2.0212
12-03-2024;06:57:47;8;8.0337
12-03-2024;07:10:32;8.5;8.5757
12-03-2024;07:32:27;8;8.0399
12-03-2024;07:43:32;8;8.0195
12-03-2024;08:11:39;9;9.0267
12-03-2024;08:43:27;8;8.0009
12-03-2024;08:57:24;8;7.9909
12-03-2024;09:08:44;8;7.99
12-03-2024;09:27:06;8;8.0343
12-03-2024;09:55:54;8;7.9813
12-03-2024;10:08:36;8;8.0322
12-03-2024;12:44:47;8;8.0391
12-03-2024;12:53:32;8;8.0222
12-03-2024;13:32:13;8;8.0044
12-03-2024;13:50:30;8;8.0236
12-03-2024;14:03:07;9;9.0244
12-03-2024;14:22:05;6;6.0251
12-03-2024;14:36:52;8;8.0218
12-03-2024;15:22:58;8;8.0524
12-03-2024;15:40:13;8;8.0551
12-03-2024;15:57:19;8;8.0151
12-03-2024;16:12:31;7;7.0031
12-03-2024;16:26:03;9;9.0558
12-03-2024;16:42:59;9;9.0485
12-03-2024;17:00:14;7;7.0193
13-03-2024;10:36:53;8;8.0262
13-03-2024;11:02:57;8;8.0209
13-03-2024;11:30:04;8;8.0338
13-03-2024;11:40:48;8;8.0671
13-03-2024;11:44:52;1.3;1.2749
13-03-2024;12:02:06;8;0
13-03-2024;12:14:33;8;8.0498
13-03-2024;12:32:32;8;8.016
13-03-2024;13:00:47;7;7.0288
13-03-2024;13:12:44;8;8.0138
13-03-2024;13:21:32;8;8.0253
13-03-2024;13:35:04;8;8.04
13-03-2024;14:18:22;8;8.0271
13-03-2024;14:47:09;9;9.0311
13-03-2024;15:05:03;9;9.0266
13-03-2024;15:17:19;8;8.0253
14-03-2024;06:08:33;2;1.9989
14-03-2024;06:16:43;1.5;1.5032
14-03-2024;06:20:00;1.5;1.4785
14-03-2024;06:24:25;0.7;0.6801
14-03-2024;06:56:07;8;8.0352
14-03-2024;07:06:40;8;8.0048
14-03-2024;07:16:53;8;8.0413
14-03-2024;07:22:10;1.5;1.4335
14-03-2024;07:42:24;8;8.0098
14-03-2024;08:10:42;8;7.9881
14-03-2024;08:16:10;2;1.9755
14-03-2024;08:40:50;8;8.0153
14-03-2024;08:55:47;9;9.0452
14-03-2024;09:06:24;8;8.0309
14-03-2024;09:26:07;8;7.9861
14-03-2024;09:38:18;8;8.0039
14-03-2024;09:54:28;9;8.9974
14-03-2024;10:22:16;2;1.9805
14-03-2024;10:24:28;2.5;2.531
14-03-2024;10:44:06;9;9.0484
14-03-2024;10:55:37;8;8.0456
14-03-2024;12:09:33;8;8.0098
14-03-2024;12:25:27;8;8.0236
14-03-2024;12:38:28;8;8.0227
14-03-2024;13:07:11;8;8.028
14-03-2024;13:19:04;8;8.0124
14-03-2024;13:31:22;8;8.0636
14-03-2024;13:43:17;8;8.0271
14-03-2024;13:57:22;8;8.088
14-03-2024;14:09:57;9;9.0573
14-03-2024;14:43:19;9;9.0191
14-03-2024;14:50:09;1;1.0087
14-03-2024;15:01:33;6;6.0614
14-03-2024;15:40:16;9;9.0408
14-03-2024;15:54:18;8;8.0048
14-03-2024;16:04:32;6;6.0017
14-03-2024;16:15:22;8;8.0317
15-03-2024;06:15:17;0.7;0.6785
15-03-2024;06:19:42;1.5;1.4592
15-03-2024;06:44:11;9;9.0079
15-03-2024;06:57:44;8;8.0137
15-03-2024;07:07:50;1.5;1.497
15-03-2024;07:19:13;8;7.9916
15-03-2024;07:32:36;8;7.9987
15-03-2024;08:05:17;8;8.0241
15-03-2024;08:24:13;8;8.021
15-03-2024;08:36:51;8;8.064
15-03-2024;08:52:32;9;8.9845
15-03-2024;09:05:37;8;8.0568
15-03-2024;09:16:38;6.6;6.6039
15-03-2024;09:29:08;8;8.0576
15-03-2024;09:42:23;8;8.0614
15-03-2024;10:03:49;8;8.0554
15-03-2024;10:42:38;8;8.0568
15-03-2024;10:54:17;8;7.9947
15-03-2024;11:08:18;8;7.9882
15-03-2024;11:19:25;8;8.007
15-03-2024;11:49:30;5.5;5.5099
15-03-2024;12:11:34;9.5;9.5371
15-03-2024;12:21:52;8;8.0145
15-03-2024;12:36:48;9.5;9.5262
15-03-2024;13:14:16;8;8.0288
15-03-2024;13:25:57;9;8.9922
15-03-2024;13:41:26;9;9.0183
15-03-2024;13:54:02;9;9.0161
15-03-2024;14:04:38;8;8.0049
15-03-2024;14:22:47;9;9.0381
15-03-2024;14:34:45;7;7.0066
15-03-2024;14:41:33;3;2.98
15-03-2024;15:00:18;7;7.0707
15-03-2024;15:13:26;8.1;8.12
15-03-2024;15:44:26;5;5.0035
18-03-2024;05:20:56;8;8.0031
18-03-2024;05:32:08;8;8.0274
18-03-2024;05:43:37;8;8.037
18-03-2024;05:55:17;8;8.0163
18-03-2024;06:19:09;8;8.0309
18-03-2024;06:34:40;8;8.0187
18-03-2024;06:39:15;2;1.9848
18-03-2024;06:51:27;8;7.9943
18-03-2024;07:03:55;8;8.0117
18-03-2024;07:17:00;8;8.0081
18-03-2024;07:27:24;8;8.0077
18-03-2024;07:44:40;8;8.0064
18-03-2024;08:04:39;8;8.0294
18-03-2024;08:19:33;8;7.9915
18-03-2024;08:32:51;8;8.0262
18-03-2024;08:44:57;8;8.0235
18-03-2024;09:04:13;8;8.0111
18-03-2024;09:58:09;4;4.0102
18-03-2024;10:03:01;8;8.0153
18-03-2024;10:23:01;8;8.0522
18-03-2024;11:15:21;8;8.0637
18-03-2024;12:41:32;7;7.0182
18-03-2024;13:04:09;8;8.034
18-03-2024;13:15:05;8;8.007
18-03-2024;13:44:26;8;8.0537
18-03-2024;13:54:43;6;6.0022
18-03-2024;14:06:15;8.2;8.1887
18-03-2024;14:24:35;4.5;4.4939
18-03-2024;14:38:29;9;9.0078
18-03-2024;15:15:28;8;8.0035
18-03-2024;16:23:06;4.2;4.231
18-03-2024;16:47:31;9;8.9732
18-03-2024;17:22:04;8;8.0305
19-03-2024;06:02:17;3;2.9603
19-03-2024;06:27:18;8;8.0096
19-03-2024;06:39:07;8;8.0187
19-03-2024;06:54:16;8;8.0395
19-03-2024;07:07:40;8;8.0191
19-03-2024;07:23:29;8;8.0061
19-03-2024;07:37:11;8;8.0139
19-03-2024;07:50:02;8;8.0087
19-03-2024;08:02:59;8;8.0069
19-03-2024;08:12:54;8;8.0061
19-03-2024;08:27:29;8;8.0152
19-03-2024;08:38:00;8;8.0421
19-03-2024;08:50:55;8;7.9991
19-03-2024;09:02:56;8;7.9935
19-03-2024;09:25:29;8;7.9939
19-03-2024;09:40:43;8;7.9974
19-03-2024;10:02:15;8;7.9983
19-03-2024;10:12:30;8;8.0096
19-03-2024;10:22:22;7;6.9987
19-03-2024;11:31:52;8;8.0035
19-03-2024;11:44:33;8;8.0026
19-03-2024;11:54:41;8;7.9852
19-03-2024;12:06:09;9.5;9.503
19-03-2024;12:24:26;8;7.9835
19-03-2024;12:35:06;4.5;4.5339
19-03-2024;13:27:18;6.3;6.2922
19-03-2024;14:21:19;10.1;10.1004
19-03-2024;14:45:08;8;8.0279
19-03-2024;15:21:36;5.1;5.097
19-03-2024;15:30:28;6;6.0052
19-03-2024;15:45:31;8;8.0279
19-03-2024;15:56:35;7;7.0066
19-03-2024;16:16:43;8;8.0535
21-03-2024;05:56:28;1;0.9705
21-03-2024;07:12:06;1;0.9704
21-03-2024;07:51:38;8;8.0296
21-03-2024;08:04:06;8;7.9974
21-03-2024;08:16:04;8;8.0413
21-03-2024;08:26:46;8;8.0009
21-03-2024;08:54:06;8;7.9898
21-03-2024;09:06:16;8;8.0173
21-03-2024;09:14:28;8;7.9907
21-03-2024;09:26:15;8;7.9964
21-03-2024;09:41:15;8;8.0182
21-03-2024;10:07:22;8;8.024
21-03-2024;10:29:49;8;8.0138
21-03-2024;10:39:58;8;7.9938
21-03-2024;10:48:52;8;7.9924
21-03-2024;11:13:41;8;8.0053
21-03-2024;11:23:26;8;8.0173
21-03-2024;11:33:10;8;7.9996
21-03-2024;11:50:09;8;8.0053
21-03-2024;11:53:14;0.5;0.5086
21-03-2024;12:03:40;8;8.0634
21-03-2024;12:14:51;8;8.0067
21-03-2024;12:25:14;8;8.0011
21-03-2024;12:49:12;8;8.0137
21-03-2024;13:11:41;7;6.9887
21-03-2024;13:22:49;9;9.0501
21-03-2024;13:51:27;8;7.9846
21-03-2024;14:03:54;8;8.0138
21-03-2024;14:17:38;6;6.0271
21-03-2024;14:25:50;4;4.0113
21-03-2024;14:40:02;9;9.0423
21-03-2024;15:31:17;8;7.9978
21-03-2024;15:52:39;9;9.0252
21-03-2024;16:06:18;9;9.0013
21-03-2024;16:17:22;8;8.0039
21-03-2024;16:29:16;8;8.0113
25-03-2024;05:24:32;8;8.0528
25-03-2024;05:36:16;8;8.0093
25-03-2024;05:48:06;8;8.0249
25-03-2024;06:05:44;8;7.9725
25-03-2024;06:19:31;0.5;0.4781
25-03-2024;07:01:15;8;8.0205
25-03-2024;07:31:35;8;8.0164
25-03-2024;07:42:30;8;7.9973
25-03-2024;07:56:10;8;7.9938
25-03-2024;08:08:33;8;8.0018
25-03-2024;08:20:54;8;7.9902
25-03-2024;08:38:09;8;7.9703
25-03-2024;08:52:47;8;7.9694
25-03-2024;09:04:59;8;7.9982
25-03-2024;09:47:27;8;8.0022
25-03-2024;09:57:10;8;8.0352
25-03-2024;10:06:24;5.5;5.4976
25-03-2024;10:54:57;8;8.0326
25-03-2024;11:14:03;5.5;5.514
25-03-2024;12:09:42;5.2;5.2013
25-03-2024;12:20:57;8;7.9939
25-03-2024;12:33:43;8;8.0161
25-03-2024;12:46:25;8;7.9965
25-03-2024;12:57:41;8;8.0096
25-03-2024;13:18:26;8;8.0155
25-03-2024;13:31:45;8;8.0807
25-03-2024;13:49:28;8;8.0173
25-03-2024;14:22:09;8;8.0432
25-03-2024;14:41:26;8;8.0304
25-03-2024;14:58:32;8;8.078
25-03-2024;15:11:47;2;2.0008
25-03-2024;15:15:57;5.2;5.2292
25-03-2024;15:37:38;8;8.0408
25-03-2024;15:49:03;8;8.0399
25-03-2024;16:00:24;8;8.0732
25-03-2024;16:10:31;8;8.0452
25-03-2024;16:32:11;8;8.0381
25-03-2024;16:48:35;8;8.0971
25-03-2024;16:57:22;8;8.0528
25-03-2024;17:08:00;8;8.0576
25-03-2024;17:17:22;8;8.0506
25-03-2024;17:27:18;8;8.0421
25-03-2024;17:37:03;2;2.0337
25-03-2024;17:44:02;8;8.0508
26-03-2024;07:21:10;8;7.9939
26-03-2024;07:29:48;8;8.0087
26-03-2024;07:39:33;8;8.0087
26-03-2024;07:45:19;4;3.8712
26-03-2024;07:56:36;8;8.0282
26-03-2024;08:08:09;8;8.0096
26-03-2024;08:26:41;8;8.0261
26-03-2024;08:30:45;0.5;0.4696
26-03-2024;09:30:33;6.5;6.5026
26-03-2024;09:38:45;8;8.0031
26-03-2024;09:47:28;8;8.0004
26-03-2024;09:57:02;8;8.0052
26-03-2024;10:07:59;8;8.0022
26-03-2024;10:19:27;8;8.0126
26-03-2024;11:03:09;8;7.9807
26-03-2024;11:09:52;2;2.0881
26-03-2024;11:15:12;8;8
26-03-2024;11:25:47;8;8.0127
26-03-2024;11:36:29;8;7.996
26-03-2024;11:47:24;8;8.0741
26-03-2024;11:59:10;8;7.9978
26-03-2024;12:10:03;8;8.0266
26-03-2024;12:20:59;8;8.0568
26-03-2024;12:39:17;1.5;1.5138
26-03-2024;13:17:36;8;8.014
26-03-2024;13:29:28;8;8.0186
26-03-2024;13:40:04;8;7.9794
26-03-2024;13:58:30;8;8.0239
26-03-2024;14:12:12;7.2;7.1774
26-03-2024;14:24:29;8;8.0634
26-03-2024;14:28:33;1;0.9716
26-03-2024;14:40:09;9;9.0196
26-03-2024;14:54:30;8.7;8.7631
26-03-2024;15:03:45;6.7;6.7239
26-03-2024;15:14:13;7;7.0497
26-03-2024;15:22:35;6;6.086
26-03-2024;15:34:08;8.2;8.1783
26-03-2024;15:58:12;8;8.0306
26-03-2024;16:09:25;8;8.045
26-03-2024;16:21:56;7;7.0318
26-03-2024;16:30:15;6;6.0714
26-03-2024;16:41:23;7.5;7.5074
26-03-2024;16:50:52;7;7.007
26-03-2024;17:01:17;8;8.0247
26-03-2024;17:10:12;6;6.0098
26-03-2024;17:20:48;8;8.0262
26-03-2024;17:32:41;8;8.0448
27-03-2024;05:36:51;8;0
27-03-2024;05:59:04;8;8.0382
27-03-2024;06:12:22;8;8.0045
27-03-2024;06:26:12;8;7.9889
27-03-2024;06:38:56;8;8.0076
27-03-2024;06:54:15;8;8.0027
27-03-2024;06:58:43;2;2.0201
27-03-2024;07:07:30;8;7.9893
27-03-2024;07:16:24;8;7.9645
27-03-2024;07:22:13;4;3.877
27-03-2024;07:34:20;8;7.9787
27-03-2024;07:48:14;8;7.9734
27-03-2024;08:00:44;8;8.0223
27-03-2024;08:12:56;8;8.0248
27-03-2024;08:26:18;8;8.0467
27-03-2024;08:37:28;8;8.058
27-03-2024;08:55:00;8;8.0489
27-03-2024;09:05:07;8;8.0546
27-03-2024;09:15:21;8;8.0642
27-03-2024;09:26:14;8;8.0462
27-03-2024;09:37:06;8;8.0187
27-03-2024;09:47:00;9;9.0105
27-03-2024;09:59:13;8;8.0217
27-03-2024;10:09:41;8;8.0087
27-03-2024;10:24:29;8;8.0078
27-03-2024;10:34:26;8;8.0296
27-03-2024;10:49:53;8;8.0457
27-03-2024;11:02:14;8;8.0528
27-03-2024;11:13:09;8;8.0209
27-03-2024;11:23:33;8;8.0174
27-03-2024;11:37:10;8;8.0488
27-03-2024;11:47:03;7.5;7.541
27-03-2024;11:59:55;8;8.0419
27-03-2024;12:17:21;8;8.0659
27-03-2024;12:50:24;8;8.0375
27-03-2024;13:04:31;9;9.0118
27-03-2024;13:13:07;5.7;5.7169
27-03-2024;13:28:16;9;9.0035
27-03-2024;13:55:20;7.3;7.3057
27-03-2024;14:09:16;8;8.0812
27-03-2024;14:24:03;8;7.9878
27-03-2024;14:32:46;6;5.9835
27-03-2024;15:03:20;8;8.0412
27-03-2024;15:18:19;7;7.0239
27-03-2024;15:28:22;7.1;7.1174
27-03-2024;15:44:22;9;8.9926
27-03-2024;16:00:10;8;8.0039
28-03-2024;05:47:36;8;8.0017
28-03-2024;05:50:12;2;2.1297
28-03-2024;05:56:46;8;8.2875
28-03-2024;06:10:23;8;8.0135
28-03-2024;06:19:55;8;8.0113
28-03-2024;06:31:47;8;8.0306
28-03-2024;06:50:27;8;8.034
28-03-2024;07:02:14;8;7.9952
28-03-2024;07:14:32;8;8.01
28-03-2024;07:25:11;8;8.0109
28-03-2024;07:26:42;9;8.9839
28-03-2024;07:36:23;8;8.0061
28-03-2024;07:49:23;9;9.0083
28-03-2024;08:01:39;8;8.0162
28-03-2024;08:15:03;9;9.0026
28-03-2024;08:48:18;9;9.0201
28-03-2024;09:06:04;8;8.0158
28-03-2024;09:19:50;2.2;2.1974
28-03-2024;09:41:02;8;8.0204
28-03-2024;09:55:30;8;7.9926
28-03-2024;10:18:15;8;8.0185
28-03-2024;10:33:40;9;9.0196
28-03-2024;10:47:45;8;8.084
28-03-2024;11:02:20;8;7.997
28-03-2024;11:46:04;8;8.0301
28-03-2024;11:59:22;8;8.0144
28-03-2024;12:12:44;6;6.085
28-03-2024;12:26:29;9;9.0349
28-03-2024;12:32:47;9;8.9991
28-03-2024;12:41:47;8;8.0393
28-03-2024;13:00:37;8;8.024
28-03-2024;13:12:00;8;8.0231
28-03-2024;13:23:30;7;7.0196
28-03-2024;13:43:45;8;8.0035
28-03-2024;14:01:14;8;8.017
28-03-2024;14:11:02;5.6;5.5952
28-03-2024;14:18:55;3.7;3.7174
28-03-2024;14:32:43;8;8.0044
28-03-2024;15:06:20;8;8.0217
28-03-2024;15:18:07;8;8.0057
28-03-2024;15:32:14;8;8.0078
28-03-2024;16:50:32;6.3;6.2861
28-03-2024;17:02:35;8;8.0209
28-03-2024;17:13:18;8;8.0087
29-03-2024;06:42:17;8;7.9961
29-03-2024;06:50:08;8;8.0031
29-03-2024;06:58:12;8;8.0148
29-03-2024;07:07:24;8;8.0092
29-03-2024;08:14:22;8;8.0376
29-03-2024;08:25:36;8;8.0183
29-03-2024;10:10:13;8;8.0013
29-03-2024;10:22:13;8;7.9982
29-03-2024;10:31:53;8;8.0305
29-03-2024;10:41:07;8;8.0009
29-03-2024;11:48:10;8;7.9957
29-03-2024;12:00:22;8;7.9802
29-03-2024;12:10:40;8;8.0048
02-04-2024;06:37:08;1;0.9782
02-04-2024;06:44:44;3;2.956
02-04-2024;07:37:56;6.5;6.5193
02-04-2024;07:47:30;6.5;6.4962
02-04-2024;11:01:21;8;8.035
02-04-2024;11:11:28;8;8.0386
02-04-2024;11:21:04;8;8.0193
02-04-2024;11:32:31;8;8.0204
02-04-2024;12:03:15;2.5;2.5224
02-04-2024;12:19:09;7;7.0248
02-04-2024;12:29:25;8;8.035
02-04-2024;12:38:59;7;7.0157
02-04-2024;13:41:19;6.5;6.5035
03-04-2024;06:38:06;1.5;1.456
03-04-2024;08:40:57;8;7.9991
03-04-2024;10:58:22;7;7.0118
03-04-2024;11:28:52;7;7.0162
03-04-2024;12:49:57;3;3.0048
03-04-2024;12:57:23;4;4
03-04-2024;13:14:38;8;8.0384
03-04-2024;13:23:31;8;8.0286
03-04-2024;13:34:29;8;8.0608
03-04-2024;13:44:15;6.8;6.814
03-04-2024;14:19:12;6.8;6.807
03-04-2024;14:30:12;8;8.0174
03-04-2024;14:38:07;8;8.022
03-04-2024;15:01:36;8.5;8.4822
03-04-2024;15:09:15;4;4.0093
03-04-2024;15:23:29;5.7;5.7942
04-04-2024;04:57:52;8;8.0214
04-04-2024;05:08:28;8;8.0545
04-04-2024;05:20:26;8;8.0332
04-04-2024;05:29:37;8;8.0157
04-04-2024;05:39:26;8;8.0009
04-04-2024;05:49:02;8;8.0098
04-04-2024;05:58:50;8;7.9871
04-04-2024;06:09:38;9;9.0084
04-04-2024;06:19:15;8;8.0071
04-04-2024;06:29:23;8;8.0111
04-04-2024;06:40:05;9;8.9947
04-04-2024;06:51:50;8;7.9929
04-04-2024;07:01:06;8;7.9649
04-04-2024;07:09:59;8;7.9676
04-04-2024;07:18:44;8;7.9694
04-04-2024;07:29:17;9;8.9751
04-04-2024;07:39:44;9;8.9894
04-04-2024;07:50:53;8;7.9618
04-04-2024;08:02:02;8;8.0121
04-04-2024;08:12:10;8;8.0078
04-04-2024;08:24:55;8;8.0554
04-04-2024;08:50:11;8;8.0169
04-04-2024;09:03:37;8;8.0131
04-04-2024;09:11:59;5;5.0061
04-04-2024;09:27:04;8;8.0227
04-04-2024;09:53:46;9;9.0138
04-04-2024;10:07:45;9;9.032
04-04-2024;10:21:59;8;8.0124
04-04-2024;10:35:18;1;0.9701
04-04-2024;11:00:04;8;7.9907
04-04-2024;11:27:06;8;8.0109
04-04-2024;11:39:17;8;8.0301
04-04-2024;11:53:05;8;8.0209
04-04-2024;12:01:37;8;8.0039
04-04-2024;12:12:56;8;6.027
04-04-2024;12:29:15;8;8.0506
04-04-2024;12:44:17;8;7.9769
04-04-2024;13:00:23;8;7.9951
04-04-2024;13:05:01;1;0.9874
04-04-2024;13:18:48;8;8.0754
04-04-2024;13:35:27;8;8.0191
04-04-2024;13:51:04;8;8.0497
04-04-2024;14:01:20;7.4;7.4232
04-04-2024;15:48:40;8;8.0798
04-04-2024;16:04:51;7;7.027
04-04-2024;16:47:54;8;8.0452
08-04-2024;05:51:59;8;7.9721
08-04-2024;06:03:33;8;7.9982
08-04-2024;06:14:48;8;7.9783
08-04-2024;06:28:43;8;7.992
08-04-2024;06:42:11;8;7.9978
08-04-2024;06:53:16;8;7.9817
08-04-2024;07:04:48;8;7.9649
08-04-2024;07:20:20;8;8.0053
08-04-2024;07:32:03;8;8.0049
08-04-2024;07:47:28;8;8.0076
08-04-2024;08:01:07;8;7.9973
08-04-2024;08:12:26;8;8.008
08-04-2024;08:25:38;8;8.0089
08-04-2024;08:36:10;4.5;4.5209
08-04-2024;08:49:28;8;8.04
08-04-2024;09:00:27;8;8.0235
08-04-2024;09:11:15;8;8.0005
08-04-2024;09:22:34;8;8.0293
08-04-2024;09:34:03;8;8.0526
08-04-2024;09:47:36;8;8.0226
08-04-2024;09:58:08;8;8.0133
08-04-2024;10:08:43;8;7.988
08-04-2024;10:21:30;8;8.0085
08-04-2024;10:37:13;8;8.0293
08-04-2024;10:48:17;8;8.0085
08-04-2024;11:00:23;8;8.0031
08-04-2024;11:11:14;8;8.0284
08-04-2024;11:54:09;6;6.0022
08-04-2024;12:27:53;5.5;5.4947
08-04-2024;14:14:20;8;8.0018
08-04-2024;14:34:38;8;8.0353
08-04-2024;15:36:42;6.1;6.1114
08-04-2024;15:43:14;2;2.0091
08-04-2024;15:47:25;8;8.0009
08-04-2024;16:26:24;6.1;6.1206
08-04-2024;17:35:53;8;8.0056
09-04-2024;05:37:19;8;8.0266
09-04-2024;05:49:23;8;8.0166
09-04-2024;05:59:48;8;8.0432
09-04-2024;06:11:40;8;8.0342
09-04-2024;06:24:13;8;8.0111
09-04-2024;06:42:44;8;8.0244
09-04-2024;06:58:31;8;8.0212
09-04-2024;07:09:16;8;8.0076
09-04-2024;07:21:16;8;8.0067
09-04-2024;07:29:42;2.5;2.4197
09-04-2024;07:51:59;8;8.0155
09-04-2024;08:05:24;8;8.0327
09-04-2024;08:17:35;8;8.0292
09-04-2024;08:27:20;8;8.0151
09-04-2024;08:48:51;8;7.9978
09-04-2024;09:00:45;8;7.9978
09-04-2024;09:12:10;9;9.0279
09-04-2024;09:22:53;8;7.9987
09-04-2024;09:34:05;8;8.0185
09-04-2024;09:45:06;8;8.0004
09-04-2024;10:02:28;8;8.0168
09-04-2024;10:13:47;8;8.0433
09-04-2024;10:26:46;8;8.0221
09-04-2024;10:38:05;8;8.0491
09-04-2024;10:41:19;1;0.9561
09-04-2024;10:58:37;8;8.0358
09-04-2024;11:25:47;8;8.0615
09-04-2024;11:42:10;8;8.011
09-04-2024;11:52:46;8;8.0106
09-04-2024;12:03:40;8;8.0137
09-04-2024;12:14:43;8;8.0249
09-04-2024;12:52:41;8;8.0323
09-04-2024;13:08:45;8;8.0519
09-04-2024;13:24:26;9;9.0846
09-04-2024;14:07:54;8;7.9878
09-04-2024;15:01:48;8;8.0469
09-04-2024;15:12:36;7.2;7.2097
09-04-2024;15:22:54;8;8.0139
09-04-2024;15:59:33;7;7.0279
09-04-2024;16:14:57;8;8.0305
09-04-2024;16:27:14;8;8.0034
09-04-2024;16:38:45;6;6.0178
09-04-2024;16:51:01;8;8.0141
09-04-2024;17:19:31;8;8.0753
09-04-2024;17:31:11;6.5;6.5239
09-04-2024;18:00:42;3;3.0061
10-04-2024;05:46:45;8;8.0807
10-04-2024;05:57:07;8;8.0266
10-04-2024;06:09:39;8;8.0495
10-04-2024;06:20:47;8;8.0407
10-04-2024;06:32:35;8;8.0283
10-04-2024;06:45:25;8;8.0544
10-04-2024;06:55:34;8;8.0282
10-04-2024;07:08:12;8;8.0384
10-04-2024;07:19:55;8;8.0149
10-04-2024;07:59:27;8;8.0657
10-04-2024;08:05:02;1;0.9745
10-04-2024;08:18:26;8;8.0443
10-04-2024;08:31:14;8;8.0168
10-04-2024;08:56:20;8;8.046
10-04-2024;09:18:08;8;8.0398
10-04-2024;09:30:17;8;8.0394
10-04-2024;09:50:03;8;8.0435
10-04-2024;10:01:23;8;8.014
10-04-2024;10:13:56;8;8.0427
10-04-2024;10:26:32;8;8.0328
10-04-2024;10:59:09;9;9.0183
10-04-2024;11:02:47;0.8;0.7477
10-04-2024;11:10:51;1.5;1.5093
10-04-2024;11:30:50;8;8.0331
10-04-2024;11:42:42;5.5;5.5079
10-04-2024;11:56:26;8;8.0385
10-04-2024;12:09:04;8;8.0232
10-04-2024;13:09:51;8;8.0528
10-04-2024;13:44:08;8;8.0251
10-04-2024;14:07:47;8.5;8.5039
10-04-2024;14:22:21;8;8.0403
10-04-2024;14:27:23;1;0.9758
10-04-2024;14:41:14;8;8.0197
10-04-2024;14:54:42;9;9.0242
10-04-2024;15:09:07;8;8.0226
10-04-2024;15:35:27;8;8.0304
10-04-2024;16:07:50;8;8.0456
10-04-2024;16:18:54;8;8.0285
10-04-2024;16:35:50;8;8.0242
11-04-2024;05:50:36;8;8.0206
11-04-2024;06:02:06;8;8.0426
11-04-2024;06:15:22;9;9.0431
11-04-2024;06:27:26;8;8.0196
11-04-2024;06:41:49;8;8.0551
11-04-2024;06:56:02;8;8.0071
11-04-2024;07:06:36;8;8.0146
11-04-2024;07:21:09;8;8.0151
11-04-2024;07:35:22;8;8.0565
11-04-2024;07:48:04;8;8.0469
11-04-2024;08:00:40;8;8.0504
11-04-2024;08:14:03;8;8.0013
11-04-2024;08:26:46;9;9.0177
11-04-2024;08:36:42;8;8.0162
11-04-2024;08:49:21;9;8.9965
11-04-2024;09:00:08;8;8.0213
11-04-2024;09:15:25;8;8.0466
11-04-2024;09:26:32;8;8.0133
11-04-2024;09:37:51;8;8.0539
11-04-2024;09:50:47;8;8.0315
11-04-2024;10:02:55;9;9.0649
11-04-2024;10:17:03;8;8.0302
11-04-2024;10:28:05;8;8.028
11-04-2024;10:38:23;8;8.0175
11-04-2024;10:49:27;9;9.0328
11-04-2024;11:51:02;7;7.0105
11-04-2024;12:32:16;8;8.0122
11-04-2024;12:44:56;8;8.0058
11-04-2024;12:58:19;8;8.0124
11-04-2024;13:10:36;8;8.0182
11-04-2024;13:51:39;8;8.0315
11-04-2024;14:04:06;6;6.0653
11-04-2024;14:18:06;8.5;8.5259
11-04-2024;14:27:05;6;5.9978
11-04-2024;14:42:28;6.8;6.7996
11-04-2024;15:08:15;8;8.0504
11-04-2024;15:30:27;5.5;5.5232
11-04-2024;16:15:42;2.9;2.961
11-04-2024;16:34:26;8;7.9882
11-04-2024;16:47:28;6;6.0552
12-04-2024;05:57:12;9;9.0521
12-04-2024;06:11:36;8;8.04
12-04-2024;06:26:12;8;8.0426
12-04-2024;06:38:03;8;8.0231
12-04-2024;06:52:29;8;7.984
12-04-2024;06:58:05;2.5;2.4158
12-04-2024;07:10:18;7;7.0089
12-04-2024;07:20:10;6;6.0152
12-04-2024;07:33:09;8;8.0341
12-04-2024;07:45:34;8;8.0191
12-04-2024;07:58:17;8;8.0151
12-04-2024;08:10:51;8;8.0049
12-04-2024;08:24:33;8;8.0004
12-04-2024;08:38:51;8;8.0351
12-04-2024;08:54:01;9;9.0378
12-04-2024;09:05:37;8;7.9756
12-04-2024;09:16:12;8;7.996
12-04-2024;09:28:45;9;9.0088
12-04-2024;09:40:19;9;9.0089
12-04-2024;09:53:32;8;8.0231
12-04-2024;10:04:59;8;7.9991
12-04-2024;10:21:27;8;8.0085
12-04-2024;10:52:06;8;8.008
12-04-2024;11:02:37;8;7.9965
12-04-2024;11:15:14;8;8.0026
12-04-2024;11:28:00;8;8.0111
12-04-2024;11:41:19;8;8.0129
12-04-2024;11:49:55;8;8.0597
12-04-2024;12:07:25;9;9.0062
12-04-2024;12:20:06;9;8.9902
12-04-2024;12:31:07;8;7.9983
12-04-2024;12:42:42;9;9.0035
12-04-2024;12:55:09;9;9.0473
12-04-2024;13:06:01;6.8;6.8018
12-04-2024;13:21:30;9;9.0275
12-04-2024;13:34:45;9;9.0129
12-04-2024;13:46:21;8;8.0888
12-04-2024;13:59:46;8;8.0053
12-04-2024;14:13:02;8;8.0506
12-04-2024;14:24:29;8;8.0342
12-04-2024;14:35:56;7.5;7.5342
12-04-2024;14:48:50;8;8.0204
12-04-2024;14:58:50;8;8.016
12-04-2024;15:38:40;8;8.0099
12-04-2024;15:55:50;11;11.017
12-04-2024;16:07:55;8;8.0212
12-04-2024;16:18:26;8;8.0247
12-04-2024;17:03:14;6;5.9935
12-04-2024;17:14:15;5.5;5.5164
12-04-2024;17:17:19;6.5;6.513
12-04-2024;17:31:55;7.5;7.5056
15-04-2024;05:44:18;8;8.0026
15-04-2024;05:54:12;8;8.0009
15-04-2024;06:02:49;8;8.028
15-04-2024;06:11:42;8;8.0076
15-04-2024;06:29:46;8;8.0187
15-04-2024;06:42:10;8;8.0204
15-04-2024;06:55:04;8;8.032
15-04-2024;07:07:29;8;8.028
15-04-2024;07:18:41;8;8.0142
15-04-2024;07:30:21;8;8.0018
15-04-2024;07:42:18;8;8.0053
15-04-2024;07:55:05;8;8.0036
15-04-2024;08:06:45;8;8.0124
15-04-2024;08:18:08;8;8.0022
15-04-2024;08:29:39;8;8.0786
15-04-2024;08:43:44;8;8.0519
15-04-2024;08:58:03;8;8.059
15-04-2024;09:22:25;8;8.0395
15-04-2024;09:35:35;8;7.9982
15-04-2024;09:48:54;8;8.0253
15-04-2024;10:00:12;8;8.0182
15-04-2024;10:11:40;5;5.0169
15-04-2024;12:36:34;8;8.0178
15-04-2024;12:52:13;5.9;5.9805
15-04-2024;13:24:53;8;8.02
15-04-2024;13:42:12;8.1;8.177
15-04-2024;14:02:16;8;8.0124
15-04-2024;14:12:18;8;8.0047
15-04-2024;14:19:38;4.5;4.503
15-04-2024;14:34:01;8;7.9987
15-04-2024;14:43:21;4.5;4.4939
15-04-2024;14:52:46;7.2;7.2013
15-04-2024;15:02:48;8;8.0316
15-04-2024;15:12:45;8;8.0009
15-04-2024;15:25:12;9.5;9.5171
15-04-2024;15:33:53;8;7.9849
16-04-2024;07:03:21;8;8.0189
16-04-2024;07:18:12;8;8.0068
16-04-2024;07:30:01;8;8.0247
16-04-2024;07:39:58;8;8.0205
16-04-2024;07:51:11;8;8.0098
16-04-2024;07:57:40;2;1.9794
16-04-2024;08:11:02;8;7.9953
16-04-2024;08:24:14;8;8.0234
16-04-2024;08:36:07;8;8.0115
16-04-2024;08:51:28;8;8.0061
16-04-2024;09:04:38;8;8.0394
16-04-2024;09:19:30;8;8.0517
16-04-2024;09:31:50;8;8.0396
16-04-2024;09:45:41;8;8.0465
16-04-2024;09:57:43;8;8.0389
16-04-2024;10:13:25;8;8.0071
16-04-2024;10:27:37;8;8.0119
16-04-2024;10:40:11;8;8.0383
16-04-2024;10:53:26;8;8.0736
16-04-2024;11:08:56;8;8.0232
16-04-2024;11:14:16;2;1.9363
16-04-2024;11:35:52;8;8.0259
16-04-2024;11:49:30;8;8.0157
16-04-2024;12:00:43;8;8.0034
16-04-2024;12:12:33;8;8.0453
16-04-2024;12:25:39;8;7.9956
16-04-2024;12:39:17;8;8.012
16-04-2024;12:54:52;9;9.02
16-04-2024;13:15:11;7;7.0097
16-04-2024;13:29:23;8;8.0076
16-04-2024;13:41:48;8;8.0055
16-04-2024;13:53:53;8;7.992
16-04-2024;14:08:16;8;8.0183
16-04-2024;14:20:27;8;8.0404
16-04-2024;14:36:29;8.7;8.7287
16-04-2024;14:49:08;9;9.0166
16-04-2024;15:00:52;3;2.9904
16-04-2024;15:13:13;8;8.046
16-04-2024;15:23:08;8;8.0149
16-04-2024;15:42:04;8;8.0044
16-04-2024;15:56:29;9;9.0481
16-04-2024;16:06:30;8;8.0202
16-04-2024;16:18:56;8;8.0425
16-04-2024;16:32:21;8;8.0259
16-04-2024;17:08:15;7;7.013
17-04-2024;07:43:09;8;8.0372
17-04-2024;07:51:04;2.5;2.421
17-04-2024;08:02:51;8;8.0221
17-04-2024;08:11:07;8;8
17-04-2024;08:19:52;8;8.0294
17-04-2024;08:49:03;8;8.0324
17-04-2024;08:58:19;8;8.0216
17-04-2024;09:08:48;8;8.0242
17-04-2024;09:19:40;8;8.0281
17-04-2024;09:31:43;8;8.029
17-04-2024;09:52:08;8;8.0272
17-04-2024;10:01:48;8;8.0177
17-04-2024;10:12:11;8;8.0091
17-04-2024;10:20:32;8;8.0008
17-04-2024;10:34:34;8;8.0298
17-04-2024;10:43:34;8;8.0048
17-04-2024;10:53:11;5.5;5.4926
17-04-2024;11:03:17;8;8.0155
17-04-2024;11:12:00;8;8.0268
17-04-2024;11:23:44;8;8.0504
17-04-2024;11:56:01;1;0.9504
17-04-2024;12:15:32;8;8.0333
17-04-2024;12:25:13;8;8.0156
17-04-2024;12:32:48;6.5;6.4792
17-04-2024;12:41:27;8;7.9934
17-04-2024;12:50:27;7;7.0307
17-04-2024;12:59:19;8;8.0272
17-04-2024;13:08:20;8;8.0342
17-04-2024;13:22:29;9;9.0175
17-04-2024;13:31:02;7.5;7.525
17-04-2024;13:40:28;8;8.0241
17-04-2024;13:53:45;7.5;7.5044
17-04-2024;14:09:38;6.5;6.5009
17-04-2024;14:19:53;6.4;6.4108
17-04-2024;14:30:07;8.5;8.5
17-04-2024;14:40:55;6;6.019
17-04-2024;14:52:28;7;6.9443
17-04-2024;15:00:05;7;6.9965
17-04-2024;15:08:37;7.7;7.7013
17-04-2024;15:20:08;7.5;7.5242
17-04-2024;15:30:06;8;8.042
17-04-2024;15:40:05;8;8.0298
17-04-2024;15:54:10;9;9.0508
17-04-2024;16:02:10;4.6;4.6165
17-04-2024;16:14:49;7;7.0148
17-04-2024;16:31:27;7;6.9913
17-04-2024;16:43:37;9;8.9978
17-04-2024;16:54:42;7;7.0203
18-04-2024;05:27:58;1;1.0081
18-04-2024;05:30:48;1;0.9548
18-04-2024;05:54:06;8;7.9956
18-04-2024;06:06:55;9;9.0953
18-04-2024;06:18:51;8;7.988
18-04-2024;06:29:30;8;7.9948
18-04-2024;06:42:07;8;8.0263
18-04-2024;06:56:00;9;8.9819
18-04-2024;07:08:05;8;8.018
18-04-2024;07:20:17;8;8.0043
18-04-2024;07:32:46;8;8.0266
18-04-2024;07:44:07;8;8.0163
18-04-2024;07:58:07;9;9.0573
18-04-2024;08:10:46;8;8.0209
18-04-2024;08:23:29;8;8.0154
18-04-2024;08:35:59;8;8.0218
18-04-2024;08:50:04;9;9.0381
18-04-2024;09:02:29;8;8.0141
18-04-2024;09:14:49;8;8.0167
18-04-2024;09:27:38;8;8.0137
18-04-2024;09:39:58;8;8.0253
18-04-2024;09:54:29;8;8.0508
18-04-2024;10:08:24;9;9.0473
18-04-2024;10:20:41;8;8.0552
18-04-2024;10:33:46;8;8.0192
18-04-2024;10:45:21;8;8.0269
18-04-2024;10:57:08;8;8.018
18-04-2024;11:09:22;8;8.0333
18-04-2024;11:24:40;8;7.9934
18-04-2024;11:39:19;9;9.0124
18-04-2024;11:51:04;8;7.9996
18-04-2024;12:07:35;9;9.0259
18-04-2024;12:23:11;8;8.0438
18-04-2024;12:35:59;9;9.0138
18-04-2024;12:46:34;8;8.1043
18-04-2024;13:14:32;8;8.0066
18-04-2024;13:26:14;8;8.0455
18-04-2024;13:43:39;8;8.0415
18-04-2024;14:00:05;2.5;2.5079
18-04-2024;14:07:02;2.5;2.4926
18-04-2024;14:17:23;9;9.0298
18-04-2024;14:45:12;8;7.9602
18-04-2024;15:01:16;9;8.993
18-04-2024;15:15:08;8.9;8.8256
18-04-2024;15:29:54;7.7;7.6918
18-04-2024;15:40:54;7;7.0156
18-04-2024;15:59:59;8;8.018
18-04-2024;16:32:44;8;8.0118
18-04-2024;16:44:32;7;6.9918
22-04-2024;05:30:28;0.5;0.5
22-04-2024;05:35:01;1;0.9485
22-04-2024;06:03:41;8;8.0249
22-04-2024;06:13:29;8;8.0209
22-04-2024;06:23:00;8;7.9805
22-04-2024;06:39:18;8;8.016
22-04-2024;06:49:53;8;8.0191
22-04-2024;07:05:23;8;7.9991
22-04-2024;07:16:28;8;8.0138
22-04-2024;07:25:19;8;8.0329
22-04-2024;07:37:34;8;8.0236
22-04-2024;07:49:29;8;8.1109
22-04-2024;08:01:01;8;8.0787
22-04-2024;08:10:14;8;8.0949
22-04-2024;08:17:02;2;2.0093
22-04-2024;08:25:25;8;8.0671
22-04-2024;08:34:50;8;8.0802
22-04-2024;08:44:11;8;8.0758
22-04-2024;08:53:26;8;8.074
22-04-2024;09:30:17;8;8.0107
22-04-2024;09:44:37;8;8.0798
22-04-2024;09:56:38;8;8.0819
22-04-2024;10:48:47;8;8.0912
22-04-2024;11:03:36;8;8.0471
22-04-2024;11:17:06;8;8.0389
22-04-2024;11:29:12;8;8.0253
22-04-2024;11:50:33;7;7.0561
22-04-2024;12:17:18;9;9.0381
22-04-2024;12:29:59;8;8.0098
22-04-2024;12:59:56;8;8.0285
22-04-2024;13:57:58;8;7.9913
22-04-2024;14:10:22;8;8.0248
22-04-2024;14:23:04;8.5;8.5428
22-04-2024;14:33:00;8;8.0031
22-04-2024;14:45:36;8;8.0175
22-04-2024;15:44:15;6.8;6.8157
22-04-2024;15:57:21;8;8.0539
22-04-2024;16:09:30;7.9;7.9381
22-04-2024;16:20:19;8;8.0341
22-04-2024;16:34:50;8;8.0185
22-04-2024;17:34:01;7;7.0049
22-04-2024;17:38:45;2;2.0026
23-04-2024;05:42:40;8;7.9838
23-04-2024;05:51:29;8;8.0173
23-04-2024;06:00:54;8;7.9849
23-04-2024;06:10:35;8;7.9845
23-04-2024;06:20:24;8;8.004
23-04-2024;06:29:36;8;7.9738
23-04-2024;06:38:09;8;8.0115
23-04-2024;06:50:40;8;8.0062
23-04-2024;07:03:00;8;8.0067
23-04-2024;07:19:02;8;8.0307
23-04-2024;07:27:36;8;8.0085
23-04-2024;07:37:34;8;8.0311
23-04-2024;07:53:22;8;8.024
23-04-2024;08:08:22;8;8.0219
23-04-2024;08:20:45;8;8.0197
23-04-2024;08:29:36;8;8.0359
23-04-2024;08:39:49;8;8.0465
23-04-2024;08:48:55;8;8.0074
23-04-2024;08:57:58;8;8.0259
23-04-2024;09:08:10;8;8.0241
23-04-2024;09:19:15;8;8.0153
23-04-2024;10:13:26;7;7.0173
23-04-2024;10:41:03;8;8.0343
23-04-2024;10:54:07;8;8.12
23-04-2024;11:19:53;8.5;8.4675
23-04-2024;11:54:08;8;8.029
23-04-2024;12:22:33;8.5;8.4575
23-04-2024;12:34:56;8;8.1292
23-04-2024;13:36:24;6.8;6.7555
23-04-2024;13:58:25;8;7.9853
23-04-2024;14:10:29;9;9.011
23-04-2024;14:19:28;6;5.9974
23-04-2024;14:30:41;5;4.997
24-04-2024;05:47:07;8;8.0421
24-04-2024;05:57:32;9;9.0136
24-04-2024;06:06:56;8;8.012
24-04-2024;06:16:29;8;8.0142
24-04-2024;06:31:32;8;8.0053
24-04-2024;06:43:57;8;8.0462
24-04-2024;06:57:19;8;8.008
24-04-2024;07:10:00;8;8.0179
24-04-2024;07:22:31;8;8.0192
24-04-2024;07:33:10;8;8.0276
24-04-2024;07:47:30;8;8.0124
24-04-2024;08:10:20;8;8.0214
24-04-2024;08:21:45;6.5;6.5061
24-04-2024;08:38:01;8;8.0606
24-04-2024;08:50:31;8;8.0227
24-04-2024;09:17:09;8;8.0151
24-04-2024;09:34:35;8;8.0053
24-04-2024;09:56:27;8;8.0102
24-04-2024;10:07:56;8;8.0208
24-04-2024;10:24:03;8;8.0563
24-04-2024;10:35:22;8;8.086
24-04-2024;10:58:18;8;8.0111
24-04-2024;11:14:44;8;8.0756
24-04-2024;12:15:42;9;9.0193
24-04-2024;12:29:19;9;9.028
24-04-2024;12:43:11;8;8.1138
24-04-2024;12:57:19;8;8.1473
24-04-2024;13:07:50;8;8.0152
24-04-2024;13:30:59;8;8.0229
24-04-2024;13:40:25;9;8.9529
24-04-2024;13:53:04;8;7.9836
24-04-2024;14:07:18;8;8.0156
24-04-2024;14:15:28;5.8;5.8083
24-04-2024;14:23:47;5.8;5.8801
24-04-2024;14:50:32;6.5;6.525
24-04-2024;15:05:04;5;5.0236
24-04-2024;15:15:30;8;7.9883
24-04-2024;15:34:11;9;8.9857
24-04-2024;15:40:15;7;6.6371
24-04-2024;15:42:37;7;7.053
24-04-2024;16:15:49;8.6;8.5801
24-04-2024;16:32:32;6.7;6.6779
24-04-2024;17:15:39;6.5;6.4879
25-04-2024;06:40:08;3;2.8827
25-04-2024;06:57:46;8;7.9803
25-04-2024;07:20:03;8;7.9996
25-04-2024;07:30:40;8;8.0162
25-04-2024;07:40:41;8;8.014
25-04-2024;07:53:32;8;8.0162
25-04-2024;07:58:50;0.5;0.4911
25-04-2024;08:12:04;8;8.0131
25-04-2024;08:20:53;8;8.0087
25-04-2024;08:30:09;8;8.0035
25-04-2024;08:42:52;8;8.0075
25-04-2024;08:52:58;8;8.0004
25-04-2024;09:01:49;8;8.0009
25-04-2024;09:05:54;1.5;1.4978
25-04-2024;09:40:29;8;7.9987
25-04-2024;09:53:15;8;8.0039
25-04-2024;10:04:04;8;8.0289
25-04-2024;10:19:17;8;8.0266
25-04-2024;10:30:03;8;7.9907
25-04-2024;10:54:18;8;8.0058
25-04-2024;11:05:23;8;8.0177
25-04-2024;11:15:04;8;8.0302
25-04-2024;11:24:27;8;8.0093
25-04-2024;11:34:04;8;7.9951
25-04-2024;11:45:47;8;7.9996
25-04-2024;11:56:07;8;7.992
25-04-2024;12:08:58;8;8.0105
25-04-2024;12:19:14;8;8.0119
25-04-2024;12:31:28;8;8.0171
25-04-2024;12:51:46;9.2;9.1379
25-04-2024;13:19:26;8;8.007
25-04-2024;13:24:54;1;0.9615
25-04-2024;13:40:34;9.1;9.123
25-04-2024;14:06:29;3.5;3.4985
25-04-2024;14:16:52;8;8.0154
25-04-2024;14:39:49;8;7.971
25-04-2024;14:51:29;8;8.0245
25-04-2024;14:57:23;2.9;2.8721
25-04-2024;15:07:32;8;7.9895
25-04-2024;15:17:42;8;7.9413
25-04-2024;15:30:37;6.6;6.5896
25-04-2024;15:38:06;6;5.9606
25-04-2024;15:52:59;7;6.9745
25-04-2024;16:01:36;4.5;4.4913
25-04-2024;16:08:13;2.3;2.2831
25-04-2024;16:13:44;2;1.9873
25-04-2024;16:22:39;4.6;4.561
25-04-2024;16:24:11;6;5.9864
25-04-2024;16:34:39;8;7.9663
25-04-2024;17:25:46;6.8;6.8736
26-04-2024;05:44:45;8;7.9628
26-04-2024;05:52:11;8;7.9763
26-04-2024;06:01:39;8;7.9982
26-04-2024;06:13:11;8;7.9742
26-04-2024;06:24:48;8;7.9831
26-04-2024;06:33:28;8;7.9911
26-04-2024;06:49:30;8;7.9739
26-04-2024;07:12:51;8;7.9916
26-04-2024;07:30:52;8;7.97
26-04-2024;07:40:46;8;7.9824
26-04-2024;07:52:43;8;7.971
26-04-2024;08:09:41;8;7.976
26-04-2024;08:24:21;8;7.9907
26-04-2024;08:34:23;8;7.9847
26-04-2024;08:49:42;9;8.9921
26-04-2024;09:00:23;8;7.9876
26-04-2024;09:15:29;8.6;8.583
26-04-2024;09:25:37;8;7.9911
26-04-2024;09:37:53;8;7.9787
26-04-2024;10:00:13;8;7.9939
26-04-2024;10:15:48;8;7.9894
26-04-2024;10:25:34;8;7.9882
26-04-2024;10:43:35;9;9.0894
26-04-2024;10:48:18;1;0.9819
26-04-2024;11:02:05;8;8.0362
26-04-2024;11:19:36;8;8.0371
26-04-2024;11:31:58;5.5;5.5156
26-04-2024;11:46:57;8;8.038
26-04-2024;12:08:16;8;8.0175
26-04-2024;12:30:52;8.2;8.2104
26-04-2024;13:00:10;6;6.0126
26-04-2024;13:09:50;8;8.0205
26-04-2024;13:43:52;8;8.0091
26-04-2024;13:55:02;9;9.0177
26-04-2024;14:08:35;4.5;4.4944
26-04-2024;14:17:13;6.5;6.5127
26-04-2024;15:23:17;8;7.9936
26-04-2024;15:34:17;8.2;8.1939
26-04-2024;15:45:18;8;7.9987
26-04-2024;16:14:58;8;8.0173
29-04-2024;05:42:38;8;8.0947
29-04-2024;05:54:27;8;8.0895
29-04-2024;06:04:14;8;8.0557
29-04-2024;06:19:45;8;8.013
29-04-2024;06:38:11;8;8.0371
29-04-2024;06:54:17;8;8.0155
29-04-2024;07:04:50;8;8.0066
29-04-2024;07:17:54;8;8.0729
29-04-2024;07:49:39;8;8.0968
29-04-2024;07:59:22;8;8.0199
29-04-2024;08:11:14;8;7.9894
29-04-2024;08:25:39;8;8.0057
29-04-2024;08:38:40;8;8.0053
29-04-2024;08:57:21;8;8.0195
29-04-2024;09:08:30;8;7.9828
29-04-2024;09:18:39;8;7.9965
29-04-2024;09:33:05;3;3.003
29-04-2024;09:55:00;8;8.0298
29-04-2024;10:05:03;8;8.0788
29-04-2024;10:18:29;8;8.0651
29-04-2024;12:10:46;8;8.0394
29-04-2024;12:22:44;4.7;4.7061
29-04-2024;12:56:43;8;8.0396
29-04-2024;13:08:50;7;7.0843
29-04-2024;13:29:03;7.1;7.1187
29-04-2024;14:07:39;8.5;8.5479
29-04-2024;14:18:52;6;6.0312
29-04-2024;14:33:12;8;8.061
29-04-2024;14:48:34;6.5;6.5556
29-04-2024;15:24:17;8;8.0454
29-04-2024;15:47:24;8;8.0537
29-04-2024;16:04:02;6.5;6.5291
29-04-2024;16:17:53;7;7.0382
29-04-2024;16:51:15;6.5;6.5434
29-04-2024;17:04:43;8.5;8.5467
29-04-2024;17:13:22;8.5;8.5329
29-04-2024;17:23:09;8.5;8.5402
29-04-2024;17:31:11;8;8.0848
29-04-2024;17:36:17;3;3.0487
30-04-2024;05:32:56;1;0.9995
30-04-2024;05:43:27;5;4.9646
30-04-2024;06:09:50;8;8.0264
30-04-2024;06:19:49;8;8.0696
30-04-2024;06:31:31;8;8.0273
30-04-2024;06:44:14;8;8.0211
30-04-2024;06:51:30;8;8.011
30-04-2024;07:01:35;8;8.0106
30-04-2024;07:11:33;8;8.0636
30-04-2024;07:20:08;8;8.0535
30-04-2024;07:33:21;8;8.0433
30-04-2024;07:53:51;8;8.0495
30-04-2024;08:04:23;9;9.0535
30-04-2024;08:14:31;9;9.0702
30-04-2024;08:22:23;8;8.0683
30-04-2024;08:37:12;8;8.0212
30-04-2024;09:04:44;8;8.0075
30-04-2024;09:16:59;8;8.0312
30-04-2024;09:32:25;8;8.0789
30-04-2024;09:41:25;8;8.084
30-04-2024;09:50:47;8;7.9758
30-04-2024;09:59:10;8;8.0216
30-04-2024;10:17:55;5;5.0282
30-04-2024;10:53:29;9;9.0614
30-04-2024;11:04:51;8;8.0255
30-04-2024;11:18:31;8;8.0189
30-04-2024;11:32:24;8;8.0466
30-04-2024;11:45:47;8;8.0361
30-04-2024;11:55:53;8;8.0662
30-04-2024;12:21:27;8;8.0836
30-04-2024;12:31:45;8;8.0723
30-04-2024;12:44:05;8;8.0614
30-04-2024;12:53:17;7.5;7.4965
30-04-2024;13:03:12;8;8.0326
30-04-2024;13:29:17;8;8.0845
30-04-2024;13:39:19;6.9;6.9074
30-04-2024;14:12:13;8;8.013
30-04-2024;14:23:48;8;8.0514
30-04-2024;14:38:58;8;8.047
30-04-2024;14:52:26;8;8.0303
30-04-2024;15:04:23;8;8.0243
30-04-2024;15:35:15;8;8.0272
30-04-2024;16:19:35;5.7;5.7329
30-04-2024;17:26:42;6.5;6.5167
06-05-2024;07:10:00;8;8.0644
06-05-2024;07:18:11;8;8.028
06-05-2024;07:25:04;4;4.0346
06-05-2024;08:15:50;8;8.0238
06-05-2024;08:28:49;8;8.0414
06-05-2024;08:48:15;8;8.0416
06-05-2024;09:00:15;8;8.0449
06-05-2024;09:04:19;2;1.9283
06-05-2024;09:14:05;8;8.0229
06-05-2024;09:21:44;8;8.0512
06-05-2024;09:29:50;8;8.0825
06-05-2024;09:37:31;8;8.0905
06-05-2024;09:45:17;8;8.0813
06-05-2024;09:53:12;8;8.0834
06-05-2024;09:58:07;3;2.8833
06-05-2024;10:07:07;8;8.0701
06-05-2024;10:16:02;8;8.0508
06-05-2024;10:23:18;8;8.0531
06-05-2024;10:30:47;8;8.0618
06-05-2024;10:38:02;8;8.0632
06-05-2024;10:46:11;8;8.1095
06-05-2024;10:59:20;8;8.1101
06-05-2024;11:06:32;8;8.1258
06-05-2024;11:13:51;8;8.1001
06-05-2024;11:18:20;8;8.0781
06-05-2024;11:28:03;8;8.0366
06-05-2024;11:35:43;8;8.0524
06-05-2024;11:44:45;8;8.0355
06-05-2024;11:52:37;8;8.0418
06-05-2024;12:00:25;8;8.0811
06-05-2024;12:08:32;8;8.0633
06-05-2024;12:17:58;8;8.0871
06-05-2024;12:26:00;8.3;8.3524
06-05-2024;12:33:41;8;8.0721
06-05-2024;12:42:09;8;8.0658
06-05-2024;12:49:42;8;8.0536
06-05-2024;12:57:41;8;8.0371
06-05-2024;13:05:55;8;8.0462
06-05-2024;13:13:48;8;8.0486
06-05-2024;13:22:05;8;8.047
06-05-2024;13:32:30;8;8.0322
06-05-2024;13:44:48;8;8.0418
06-05-2024;13:52:31;7;7.0563
06-05-2024;14:00:48;8;8.0288
06-05-2024;14:08:07;8;8.0371
06-05-2024;14:16:46;7.5;7.5496
06-05-2024;14:21:00;3;3.0363
06-05-2024;14:30:06;8;8.0459
06-05-2024;14:39:29;8.4;8.5251
06-05-2024;14:45:29;5.5;5.6151
06-05-2024;14:53:29;8;8.0714
06-05-2024;15:02:22;8;8.0588
06-05-2024;15:07:03;3;3.0489
06-05-2024;15:17:54;9;9.0221
06-05-2024;15:25:50;8;8.0187
06-05-2024;15:37:36;8;8.0618
06-05-2024;15:42:13;4;4.0334
06-05-2024;15:45:58;2;2.0632
06-05-2024;15:55:28;8;8.0313
06-05-2024;16:05:12;9;9.029
06-05-2024;16:12:33;8.5;8.5402
06-05-2024;16:18:36;5;5.0161
06-05-2024;16:26:21;8;8.0174
06-05-2024;16:33:48;8;8.0273
06-05-2024;16:42:32;8;8.0322
06-05-2024;16:50:20;8;8.0005
06-05-2024;16:59:44;7.8;7.8233
06-05-2024;17:07:39;6;6.0277
06-05-2024;17:09:15;8;8.007
07-05-2024;05:43:05;8;8.0312
07-05-2024;05:50:43;8;8.0287
07-05-2024;05:58:26;8;8.0446
07-05-2024;06:06:49;8;8.0479
07-05-2024;06:16:05;8;8.0196
07-05-2024;06:25:21;9;9.0349
07-05-2024;06:35:00;8;8.1228
07-05-2024;06:44:12;8;8.0527
07-05-2024;06:53:21;8;8.0368
07-05-2024;07:03:14;8;8.0244
07-05-2024;07:12:27;8;8.0109
07-05-2024;07:20:06;8;8.0074
07-05-2024;07:28:21;8;8.0161
07-05-2024;07:41:55;8;8.0078
07-05-2024;07:47:18;7;7.0305
07-05-2024;07:57:49;7;7.0201
07-05-2024;07:59:50;9;9.0087
07-05-2024;08:08:12;8;7.9965
07-05-2024;08:16:43;8;8.0078
07-05-2024;08:25:25;8;7.9969
07-05-2024;08:33:18;8;7.9739
07-05-2024;08:41:29;8;7.9795
07-05-2024;08:49:56;8;7.9865
07-05-2024;08:57:09;8;8.0031
07-05-2024;09:08:07;9;9.0005
07-05-2024;09:16:40;8;8.02
07-05-2024;09:23:58;8;7.9881
07-05-2024;09:31:29;8;8.0185
07-05-2024;09:41:28;8;8.007
07-05-2024;09:50:55;8;7.9983
07-05-2024;09:58:03;8;7.9974
07-05-2024;10:07:34;8;7.9969
07-05-2024;10:17:02;8;7.9999
07-05-2024;10:23:52;5;5.0225
07-05-2024;10:33:28;8;7.9948
07-05-2024;10:42:27;8;8.0597
07-05-2024;10:52:01;8;8.0087
07-05-2024;11:22:44;8;7.9965
07-05-2024;11:39:19;7;6.9965
07-05-2024;11:48:22;7;7.0095
07-05-2024;12:01:47;8.1;8.0798
07-05-2024;12:12:32;8;7.9952
07-05-2024;12:20:39;8;8.0256
07-05-2024;12:28:28;8;7.9904
07-05-2024;12:37:19;9;8.9978
07-05-2024;12:44:07;7;7.0429
07-05-2024;12:53:27;8;8.0139
07-05-2024;13:00:48;8;7.9913
07-05-2024;13:21:09;3;2.9996
07-05-2024;13:33:44;9;8.994
07-05-2024;13:44:39;9;9.0377
07-05-2024;13:56:32;7;7.0216
07-05-2024;14:08:25;7.8;7.8283
07-05-2024;14:22:30;8;8.0268
07-05-2024;14:47:48;8;8.0195
07-05-2024;15:02:54;6;6.0104
07-05-2024;15:16:30;8;8.0225
07-05-2024;15:32:32;8;8.0199
07-05-2024;15:43:08;9;9.0096
07-05-2024;15:52:10;8;7.9987
07-05-2024;16:01:31;8;7.9931
07-05-2024;16:12:34;8;8.0292
07-05-2024;16:21:37;8;8.0044
07-05-2024;16:30:59;8;8.0105
07-05-2024;16:38:18;8;8.0261
07-05-2024;16:47:52;8;7.9983
07-05-2024;16:57:13;9;9.0274
07-05-2024;17:06:56;8;8.0425
07-05-2024;17:14:27;8;8.0144
07-05-2024;17:23:18;8;7.9974
07-05-2024;17:30:32;8;8.0475
07-05-2024;17:38:54;8;8.0174
07-05-2024;17:46:08;3;2.9887
07-05-2024;17:57:55;8;8.0078
07-05-2024;18:05:54;8;8.0061
07-05-2024;18:13:38;8;7.993
08-05-2024;06:30:37;3.5;3.4678
08-05-2024;06:51:12;8;8.0221
08-05-2024;07:01:02;8;8.0138
08-05-2024;07:08:59;8;8.013
08-05-2024;07:18:20;8;8.0164
08-05-2024;07:26:15;8;8.0052
08-05-2024;07:56:26;8;8.0312
08-05-2024;08:29:54;8;8.0226
08-05-2024;08:39:39;8;8.0065
08-05-2024;08:47:19;8;8.0134
08-05-2024;08:57:43;8;8.0048
08-05-2024;09:08:59;8;8.0165
08-05-2024;09:12:53;1;0.981
08-05-2024;10:03:50;8;8.0178
08-05-2024;10:55:32;8;8.0321
08-05-2024;11:06:42;8;8.0225
08-05-2024;11:16:04;8;8.1136
08-05-2024;11:25:45;8;8.0401
08-05-2024;11:36:29;8;8.0512
08-05-2024;11:46:53;8;8.0628
08-05-2024;11:50:50;1.2;1.1891
08-05-2024;12:03:02;8;8.026
08-05-2024;12:44:36;1.8;1.8117
08-05-2024;13:01:45;8;8.0049
08-05-2024;13:14:58;8;8.0156
08-05-2024;13:24:34;8;8.0588
08-05-2024;13:39:18;8;8.0277
08-05-2024;13:58:08;7.7;7.7317
08-05-2024;14:19:51;9;9.0135
08-05-2024;14:29:20;7;7.0216
08-05-2024;14:44:08;2.1;2.0996
08-05-2024;14:52:25;6;6.0412
08-05-2024;15:37:02;9;9.0429
08-05-2024;15:46:51;7.7;7.7698
08-05-2024;15:58:45;7;7.0143
08-05-2024;16:09:29;8.3;8.313
08-05-2024;16:18:46;5;5.0208
08-05-2024;16:30:43;6;6.019
08-05-2024;16:40:36;6.3;6.2805
08-05-2024;16:49:32;7.5;7.5041
08-05-2024;16:59:30;8;8.0221
08-05-2024;17:23:22;7;7.0242
08-05-2024;17:40:41;3.5;3.4954
09-05-2024;05:39:43;8;8.0052
09-05-2024;05:54:15;8;8.0132
09-05-2024;06:02:19;8;8.0107
09-05-2024;06:10:06;8;8.0337
09-05-2024;06:20:01;8;8.0468
09-05-2024;06:30:26;8;8.0039
09-05-2024;06:47:03;8;7.997
09-05-2024;06:56:44;8;8.0095
09-05-2024;07:09:44;8;7.9996
09-05-2024;07:37:43;8;8.0201
09-05-2024;07:48:02;8;8.0065
09-05-2024;08:01:53;8;7.9913
09-05-2024;08:24:42;8;7.9926
09-05-2024;08:39:03;8;8.0011
09-05-2024;08:50:43;8;8.0144
09-05-2024;09:03:16;8;8.0253
09-05-2024;09:15:38;8;7.9952
09-05-2024;09:24:59;8;8.0087
09-05-2024;09:57:46;8;7.9932
09-05-2024;11:25:16;7.7;7.7048
09-05-2024;11:50:52;1.5;1.4657
09-05-2024;12:06:00;6;6.0099
09-05-2024;12:19:33;7;7.0134
09-05-2024;13:05:03;8;8.0165
09-05-2024;13:16:34;8;8.0195
09-05-2024;13:29:20;8;8.0134
09-05-2024;13:47:55;8;8.0333
09-05-2024;13:56:49;8;7.9866
09-05-2024;14:13:23;6;6.0078
09-05-2024;14:26:48;7.3;7.2774
09-05-2024;14:36:57;8;8.0134
09-05-2024;14:59:06;8;8.013
09-05-2024;15:09:03;3.8;3.8039
09-05-2024;15:16:56;4;4.0126
09-05-2024;15:33:14;7.5;7.4998
09-05-2024;15:59:56;7.2;7.1952
09-05-2024;16:09:11;6;6.0035
10-05-2024;06:37:54;3.5;3.4576
10-05-2024;06:54:56;7;7.0083
10-05-2024;07:06:23;1;1.0179
10-05-2024;07:17:57;8;8.0153
10-05-2024;07:22:07;0.3;0.2939
10-05-2024;07:34:26;8;8.0096
10-05-2024;07:46:47;8;8.0477
10-05-2024;07:58:56;8;8.0628
10-05-2024;08:09:38;8;8.0628
10-05-2024;08:18:08;1.5;1.4612
10-05-2024;08:57:26;8;8.0212
10-05-2024;09:45:36;8;8.0065
10-05-2024;09:55:08;8;7.9604
10-05-2024;10:15:34;8;7.9656
10-05-2024;10:26:30;8;7.9935
10-05-2024;10:36:13;8;7.9948
10-05-2024;10:47:14;8;7.9918
10-05-2024;11:19:37;6;5.9931
10-05-2024;11:24:48;0.3;0.3075
10-05-2024;11:45:03;8.3;8.281
10-05-2024;11:57:20;8;7.9838
10-05-2024;12:09:29;8;8.0516
10-05-2024;13:49:04;8;7.992
10-05-2024;14:10:44;8;8.0092
10-05-2024;14:25:55;8.5;8.4818
10-05-2024;14:35:16;8;8.0058
10-05-2024;14:48:25;8;7.9978
10-05-2024;15:02:48;9.3;9.3168
14-05-2024;05:39:12;8;7.9953
14-05-2024;05:51:35;8;8.0171
14-05-2024;06:00:04;8;8.0231
14-05-2024;06:11:28;8;8.0007
14-05-2024;06:23:41;8;8.0178
14-05-2024;06:37:50;8;8.0187
14-05-2024;06:49:06;8;8.0418
14-05-2024;07:05:52;8;8.0279
14-05-2024;07:19:00;8;8.0932
14-05-2024;07:34:00;8;8.0388
14-05-2024;07:50:07;8;8.0435
14-05-2024;09:06:13;8;8.0383
15-05-2024;08:52:29;8;8.023
15-05-2024;09:03:27;8;8.0636
15-05-2024;09:20:03;8;8.0558
15-05-2024;10:11:55;8;8.0437
15-05-2024;10:26:26;8;8.0231
15-05-2024;10:43:35;8;8.0383
15-05-2024;10:56:01;8;8.0398
15-05-2024;11:07:18;8;8.0122
15-05-2024;11:19:41;9;9.0204
15-05-2024;11:45:19;6.5;6.5501
15-05-2024;12:17:42;8;8.0091
15-05-2024;12:31:41;7;7.0225
15-05-2024;12:49:50;8;8.0386
15-05-2024;13:07:24;7;6.9952
15-05-2024;13:37:11;6;6.0195
15-05-2024;14:02:15;9.3;9.3268
15-05-2024;14:14:46;7;7.0356
16-05-2024;05:36:12;8;8.0685
16-05-2024;05:47:04;8;8.0199
16-05-2024;05:56:21;8;8.0379
16-05-2024;06:12:34;8;8.0261
16-05-2024;06:35:59;8;8.0152
16-05-2024;06:48:37;9;8.9985
16-05-2024;06:58:03;8;8.0096
16-05-2024;07:11:02;8;8.0096
16-05-2024;07:30:29;8;8.0461
16-05-2024;07:41:30;8;7.9939
16-05-2024;07:55:16;8;8.0096
16-05-2024;08:06:44;8;8.0086
16-05-2024;08:25:15;8;8.0139
16-05-2024;08:46:58;5;4.997
16-05-2024;09:33:17;9;9.0943
16-05-2024;10:35:52;9;9.0065
16-05-2024;10:47:21;8;8.0312
16-05-2024;11:03:01;8;8.0247
16-05-2024;11:06:47;1.2;1.1814
16-05-2024;11:19:28;8;8.0221
16-05-2024;11:32:50;9;9.0044
16-05-2024;11:43:53;8;8.0243
16-05-2024;11:54:55;8;8.0217
16-05-2024;12:38:43;6;6.0273
16-05-2024;13:00:47;8;8.0282
16-05-2024;13:57:57;3.5;3.4998
16-05-2024;14:11:05;6;6.0404
16-05-2024;14:20:38;4;4.013
16-05-2024;14:31:30;5;5.0169
16-05-2024;14:40:02;3.6;3.6061
16-05-2024;15:22:06;9;9.0264
16-05-2024;16:06:31;2;2.0368
21-05-2024;08:53:09;8;8.0224
21-05-2024;09:05:04;8;8.0541
21-05-2024;09:16:33;8;8.0463
21-05-2024;09:38:16;8;8.038
21-05-2024;09:51:42;3.5;3.4959
21-05-2024;10:04:50;8;8.0519
21-05-2024;10:14:33;8;8.0415
21-05-2024;10:22:46;4;3.9776
21-05-2024;10:28:57;7.5;7.4405
21-05-2024;10:59:10;7.8;7.816
21-05-2024;11:22:10;5;4.9952
21-05-2024;11:49:48;1;0.9779
21-05-2024;12:06:25;7;7.0052
21-05-2024;12:16:38;8;8.0099
21-05-2024;12:26:57;8;8.0204
21-05-2024;12:34:11;2.2;2.1722
21-05-2024;12:44:29;4.5;4.4987
21-05-2024;12:57:17;8;8.0657
21-05-2024;13:07:01;8;8.016
21-05-2024;13:17:52;7;7.0117
21-05-2024;13:26:43;6;6.0243
21-05-2024;13:35:42;7.2;7.2241
21-05-2024;14:14:19;7.6;7.6659
21-05-2024;14:23:33;6;6.036
21-05-2024;14:37:05;8;8.0389
21-05-2024;14:46:29;8;8.0441
21-05-2024;14:57:40;8.2;8.2203
21-05-2024;15:08:40;8;8.048
21-05-2024;15:16:38;6.1;6.1359
21-05-2024;15:26:12;6;6.0411
21-05-2024;15:58:13;8.2;8.2705
21-05-2024;16:19:05;2;2.0767
21-05-2024;16:24:24;6.3;6.3317
21-05-2024;16:37:37;6;6.0579
21-05-2024;16:45:43;5;5.0377
21-05-2024;16:54:56;7;7.0337
21-05-2024;17:04:13;7;7.0199
22-05-2024;05:38:11;8;8.0316
22-05-2024;05:47:47;8;8.0329
22-05-2024;05:57:16;8;8.0396
22-05-2024;06:05:33;8;8.0342
22-05-2024;06:14:03;8;8.0366
22-05-2024;07:01:56;8;8.0541
22-05-2024;07:57:52;8;8.0431
22-05-2024;08:23:38;8;8.017
22-05-2024;08:35:40;8;8.0479
22-05-2024;08:49:02;8;8.0335
22-05-2024;08:59:27;8;8.0453
22-05-2024;09:11:31;8;8.0688
22-05-2024;09:22:07;8;8.0405
22-05-2024;09:31:13;8;8.0405
22-05-2024;09:40:42;8;8.0597
22-05-2024;09:58:01;8;8.0631
22-05-2024;10:24:49;8;8.0618
22-05-2024;10:36:51;8;8.0387
22-05-2024;10:49:20;8;7.9956
22-05-2024;11:02:19;8;8.0318
22-05-2024;11:16:00;8;8.0392
22-05-2024;11:26:01;8;8.0052
22-05-2024;11:41:26;8;8.0065
22-05-2024;11:51:21;8;8.0233
22-05-2024;12:01:30;8;8.0285
22-05-2024;12:25:13;8;8.0333
22-05-2024;12:58:08;8;8.0697
22-05-2024;13:08:10;8;8.0224
22-05-2024;13:18:21;8;8.0466
22-05-2024;13:29:14;8;8.0222
22-05-2024;13:40:08;8;8.0283
22-05-2024;14:06:15;7;7.0351
22-05-2024;14:27:22;8;8.0066
22-05-2024;14:37:31;8;8.0265
22-05-2024;14:46:49;8;8.0248
22-05-2024;14:54:55;8;8.0361
22-05-2024;15:03:32;8;8.0218
22-05-2024;15:30:03;8;8.0631
22-05-2024;15:43:58;8;8.0201
22-05-2024;15:49:50;3;2.9821
22-05-2024;16:00:21;8;8.0264
22-05-2024;16:09:18;8;8.0118
22-05-2024;16:19:30;5;5.0316
22-05-2024;16:29:31;8;8.0214
23-05-2024;12:59:41;8;8.0126
23-05-2024;13:09:46;8;7.9956
23-05-2024;13:21:23;8;8.0256
23-05-2024;13:31:44;8;8.0087
23-05-2024;13:43:03;8.2;8.223
23-05-2024;13:52:32;8;8.0196
23-05-2024;14:23:17;8;8.0261
23-05-2024;14:35:43;8;8.03
23-05-2024;14:47:25;8.7;8.7165
23-05-2024;15:14:17;8;8.0252
23-05-2024;15:25:40;8;8.0242
23-05-2024;15:33:34;3.2;3.1856
23-05-2024;16:04:57;7.8;7.8199
23-05-2024;16:24:50;7.8;7.835
24-05-2024;05:31:17;8;7.9965
24-05-2024;05:40:57;8;8.0139
24-05-2024;05:49:11;8;8.0281
24-05-2024;06:03:34;8;8.0259
24-05-2024;06:13:35;8;8.0207
24-05-2024;06:23:05;8;8.0305
24-05-2024;06:31:20;8;8.0109
24-05-2024;06:39:42;8;8.0185
24-05-2024;06:49:34;8;8.0423
24-05-2024;07:04:17;8;8.0048
24-05-2024;07:14:36;8;8.0348
24-05-2024;07:25:43;8;8.0466
24-05-2024;07:34:54;8;8.0792
24-05-2024;07:44:13;8;8.027
24-05-2024;07:52:25;8;8.0283
24-05-2024;08:21:53;8;8.047
24-05-2024;08:33:20;8;8.0098
24-05-2024;08:43:32;8;8.0309
24-05-2024;08:53:35;8.5;8.5191
24-05-2024;09:03:52;8;8.027
24-05-2024;09:13:04;8;8.0361
24-05-2024;09:37:59;8;8.0331
24-05-2024;09:44:51;2.3;2.2923
24-05-2024;09:55:29;8;8.0144
24-05-2024;10:05:52;8;8.017
24-05-2024;10:15:49;8;8.0107
24-05-2024;10:27:33;8;7.9895
24-05-2024;10:40:18;6;6.0061
24-05-2024;11:01:34;8;7.9978
24-05-2024;11:12:34;8;7.9892
24-05-2024;11:34:40;8;8.0148
24-05-2024;11:47:57;8;7.9865
24-05-2024;12:01:20;4;3.9996
24-05-2024;12:11:38;8;8.0078
24-05-2024;12:21:38;7.9;7.8996
27-05-2024;05:46:41;8;8.0144
27-05-2024;05:57:38;9;9.0379
27-05-2024;06:11:05;8;8.0222
27-05-2024;06:27:41;8;8.0113
27-05-2024;06:39:04;8;7.9987
27-05-2024;06:51:36;9;9.0313
27-05-2024;07:06:15;9;9.0131
27-05-2024;07:23:18;8;8.0322
27-05-2024;07:35:08;8;8.0496
27-05-2024;07:46:41;8;8.0426
27-05-2024;07:56:48;8;8.0431
27-05-2024;08:07:46;8;8.0453
27-05-2024;08:19:04;8;8.0435
27-05-2024;08:25:51;3;3.0447
27-05-2024;08:37:29;9;9.0188
27-05-2024;08:49:10;8;8.0466
27-05-2024;09:01:24;9;9.0344
27-05-2024;09:16:39;9;9.0279
27-05-2024;09:49:12;8;8.0958
27-05-2024;10:13:40;7;7.0345
27-05-2024;10:25:38;8;8.0318
27-05-2024;10:27:29;1;1.0257
27-05-2024;10:52:31;2;2.0157
27-05-2024;11:01:05;8;8.0527
27-05-2024;11:15:14;8;8.0457
27-05-2024;11:26:16;8;8.0357
27-05-2024;11:38:30;8;8.0527
27-05-2024;11:51:27;9;9.0418
27-05-2024;12:04:28;8;8.0339
27-05-2024;12:16:53;8;8.0462
27-05-2024;12:26:32;8;8.0331
27-05-2024;13:12:57;8;8.0222
27-05-2024;13:35:45;8;8.0422
27-05-2024;13:37:13;8.5;8.5359
27-05-2024;14:06:14;5;5.0173
27-05-2024;14:14:43;6;6.0462
27-05-2024;14:42:23;7;7.0409
27-05-2024;14:57:53;8;8.0396
28-05-2024;08:35:35;8;8.0732
28-05-2024;08:46:40;9;9.0132
28-05-2024;09:12:50;8;8.0154
28-05-2024;09:30:48;8;8.0049
28-05-2024;09:41:51;9;9.0119
28-05-2024;09:52:45;8;7.9855
28-05-2024;10:03:06;8;8.0017
28-05-2024;10:14:05;8.5;8.5046
28-05-2024;10:25:43;8;8.0101
28-05-2024;10:35:28;8;8.0261
28-05-2024;10:41:00;4;4.0167
29-05-2024;05:16:27;8;8.0139
29-05-2024;05:26:39;9;9.0514
29-05-2024;05:41:51;8;8.0178
29-05-2024;05:51:38;8;8.064
29-05-2024;06:01:18;8;8.0388
29-05-2024;06:12:00;8;8.0631
29-05-2024;06:23:30;8;8.0318
29-05-2024;06:34:19;8;8.0165
29-05-2024;06:44:58;9;9.0313
29-05-2024;07:00:27;9;9.0479
29-05-2024;07:15:40;8;7.9943
29-05-2024;07:28:57;8;8.0309
29-05-2024;07:40:19;8;8.0218
29-05-2024;07:51:25;8;8.027
29-05-2024;08:04:00;8;8.0165
29-05-2024;08:14:19;8;8.0183
29-05-2024;08:26:45;9;9.0131
29-05-2024;08:38:10;8;8.0305
29-05-2024;08:54:04;8;8.0418
29-05-2024;09:07:39;8;8.0331
29-05-2024;09:19:20;9;9.0209
29-05-2024;09:33:58;9;9.0327
29-05-2024;09:45:00;8;8.0261
29-05-2024;09:54:41;8;8.0431
29-05-2024;10:05:33;8;8.0296
29-05-2024;10:13:46;8;7.9943
29-05-2024;10:32:12;9;9.0222
29-05-2024;10:51:03;8;8.0301
29-05-2024;11:04:45;8;8.0039
29-05-2024;11:12:45;8;8.0054
29-05-2024;11:25:06;9;9.002
29-05-2024;11:34:59;8;8.0261
29-05-2024;11:45:22;8;8.0168
29-05-2024;11:57:05;8;8.0044
29-05-2024;12:10:15;1;0.9821
29-05-2024;12:22:39;8;7.9878
29-05-2024;12:50:19;8;8.0165
29-05-2024;13:02:04;8;8.051
29-05-2024;13:14:36;8;8.037
29-05-2024;13:27:40;8;8.0287
29-05-2024;13:48:29;8;8.0353
29-05-2024;14:15:34;8;8.0218
29-05-2024;14:39:45;9;9.0352
29-05-2024;14:47:43;3.6;3.6148
31-05-2024;06:17:20;8;8.0596
31-05-2024;06:29:02;9;9.003
31-05-2024;06:40:28;7;7.0094
31-05-2024;06:49:04;6;6.0581
31-05-2024;07:06:23;8;8.0026
31-05-2024;07:40:59;8;8.0697
31-05-2024;08:00:35;6;6.0588
31-05-2024;08:04:15;9;9.0427
31-05-2024;08:17:53;8;8.081
31-05-2024;08:30:04;8;8.0444
31-05-2024;08:50:51;8;8.0635
31-05-2024;09:02:18;8;8.0571
31-05-2024;09:35:28;9;9.037
31-05-2024;09:49:51;9;9.0457
31-05-2024;10:02:33;8;8.0618
31-05-2024;10:14:58;8;8.0535
31-05-2024;10:27:25;9;9.0618
31-05-2024;10:37:35;8;8.051
31-05-2024;11:52:33;9;9.0549
31-05-2024;12:07:17;9;9.0292
31-05-2024;12:22:07;9;9.0353
31-05-2024;12:33:24;7.5;7.5464
31-05-2024;12:39:04;2.6;2.6257
31-05-2024;12:52:17;8.5;8.4941
31-05-2024;13:04:12;4;4.0198
03-06-2024;07:08:29;5.2;5.2844
03-06-2024;07:16:58;5;5.0057
03-06-2024;07:27:06;6;6.0289
03-06-2024;09:33:21;1;0.9855
03-06-2024;09:52:37;7;7.0395
03-06-2024;10:02:23;6;6.0421
03-06-2024;10:20:45;2;2.0327
03-06-2024;10:26:41;8;8.0465
03-06-2024;10:44:15;8;8.0627
03-06-2024;10:54:27;8;8.0753
03-06-2024;11:07:48;8;8.1384
03-06-2024;11:27:20;9;9.0547
03-06-2024;11:41:10;9;9.0359
03-06-2024;12:14:14;8;8.0653
03-06-2024;12:34:06;9;9.0257
03-06-2024;12:51:07;7.7;7.7468
03-06-2024;12:59:44;5;5.0353
03-06-2024;14:07:21;8.5;8.5385
03-06-2024;14:14:50;3.5;3.5473
03-06-2024;14:45:34;9;9.067
03-06-2024;14:58:10;6.5;6.5311
03-06-2024;15:09:26;8;8.0605
03-06-2024;15:35:10;6;6.0144
03-06-2024;15:42:32;8;8.0283
03-06-2024;15:52:51;6;6.0222
05-06-2024;05:44:49;8;8.0231
05-06-2024;05:56:04;8;8.0222
05-06-2024;06:08:48;9;9.0209
05-06-2024;06:19:29;9;9.0274
05-06-2024;06:33:23;8;8.0178
05-06-2024;06:53:32;8;8.0296
05-06-2024;07:07:20;8;8.0379
05-06-2024;07:19:10;9;9.0296
05-06-2024;07:32:45;8;8.0171
05-06-2024;07:44:34;8;8.0022
05-06-2024;07:55:21;8;7.9987
05-06-2024;08:19:34;6;5.9732
05-06-2024;09:42:48;8;8.0279
05-06-2024;09:54:57;9;8.9839
05-06-2024;10:06:39;8;8.0078
05-06-2024;10:20:00;8;8.0183
05-06-2024;11:12:59;8;8.0192
05-06-2024;11:24:45;8;8.0178
05-06-2024;11:37:18;8;8.0509
05-06-2024;11:47:13;8;7.9904
05-06-2024;11:57:35;7.9;7.9216
05-06-2024;12:04:44;7.9;7.954
05-06-2024;12:09:59;8;8.0078
05-06-2024;12:19:43;8;8.0083
05-06-2024;12:32:50;7.5;7.4967
05-06-2024;12:51:33;7;7.0327
05-06-2024;13:17:00;0.5;0.4649
05-06-2024;13:41:10;6;5.9926
05-06-2024;14:12:34;4.2;4.2152
05-06-2024;14:24:20;5.2;5.2101
05-06-2024;14:36:39;9;8.9992
05-06-2024;15:17:49;8.5;8.5055
05-06-2024;15:31:48;8;8.0187
05-06-2024;15:41:30;6;5.9878
05-06-2024;15:44:54;9;9.0235
05-06-2024;15:59:40;8;7.9882
05-06-2024;16:55:59;8;7.9987
05-06-2024;17:40:56;8;7.9969
06-06-2024;05:45:12;8;7.9995
06-06-2024;05:55:03;8;8.0019
06-06-2024;06:05:35;9;9.0192
06-06-2024;06:16:15;8;8.0144
06-06-2024;06:31:06;8;8.1629
06-06-2024;06:54:52;8;8.0391
06-06-2024;07:05:29;8;8.0048
06-06-2024;07:14:36;8;8.0676
06-06-2024;07:24:06;8;8.0217
06-06-2024;07:47:01;8;8.0096
06-06-2024;07:58:42;8;8.0161
06-06-2024;08:26:38;8;8.0083
06-06-2024;08:36:49;8;8.0113
06-06-2024;08:47:29;8;8.0148
06-06-2024;08:57:20;8;8.0469
06-06-2024;09:09:44;8;8.0578
06-06-2024;09:22:17;8;8.0361
06-06-2024;09:33:10;8;8.0452
06-06-2024;09:45:56;9;9.0143
06-06-2024;09:57:01;8;8.0526
06-06-2024;10:10:32;8;8.0421
06-06-2024;10:21:02;8;8.1347
06-06-2024;10:33:06;8;8.0013
06-06-2024;10:46:21;9;9.0291
06-06-2024;10:55:13;8;8.0123
06-06-2024;11:06:52;8;8.02
06-06-2024;11:18:50;8;8.0091
06-06-2024;11:32:03;8;8.0491
06-06-2024;11:43:30;8;8.0534
06-06-2024;11:54:45;9;9.0239
06-06-2024;12:09:54;8;8.0287
06-06-2024;12:22:58;8;8.0188
06-06-2024;12:35:13;9;9.0239
06-06-2024;12:57:53;8;7.9909
06-06-2024;13:10:56;9;9.0308
06-06-2024;13:22:12;9;8.9969
06-06-2024;13:33:27;8;8.0243
06-06-2024;13:45:51;8.5;8.4867
06-06-2024;13:57:08;8;8.0104
06-06-2024;14:04:07;3;2.9801
06-06-2024;14:33:49;8;8.0521
06-06-2024;14:35:27;9;9.0322
06-06-2024;14:43:06;3;3.0105
06-06-2024;14:56:11;9;9.0361
06-06-2024;15:22:17;3.8;3.8204
06-06-2024;16:19:09;8;8.0375
06-06-2024;16:29:21;7.5;7.5134
07-06-2024;06:38:22;8;8.0477
07-06-2024;09:10:25;8;8.0266
07-06-2024;09:23:50;8;8.0301
07-06-2024;09:36:06;8;8.0563
07-06-2024;09:48:57;9;9.0419
07-06-2024;09:53:04;0.5;0.4649
07-06-2024;10:04:38;6.5;6.5265
07-06-2024;10:38:13;8;8.0218
07-06-2024;11:32:38;8.1;8.1067
07-06-2024;12:00:33;4.5;4.5144
07-06-2024;12:18:05;1.1;1.0869
07-06-2024;12:25:57;8;8.0672
07-06-2024;12:42:47;9;9.0227
07-06-2024;12:55:00;9;9.0166
07-06-2024;12:59:01;1;0.984
07-06-2024;13:28:26;7;7.0209
07-06-2024;13:40:03;9;9.0166
07-06-2024;14:00:04;9;9.0297
07-06-2024;14:08:52;6;6.0322
07-06-2024;14:27:37;8;8.0419
07-06-2024;15:13:50;6.3;6.3207
07-06-2024;15:22:32;4.7;4.7166
07-06-2024;16:18:42;8;8.0266
07-06-2024;16:30:53;8;8.0439
07-06-2024;16:43:01;6;6.0544
10-06-2024;05:30:12;8;8.0166
10-06-2024;05:42:18;8;8.0122
10-06-2024;05:49:38;3;0.2343
10-06-2024;06:10:54;9;9.0366
10-06-2024;06:22:19;8;8.0198
10-06-2024;06:36:04;8;8.0181
10-06-2024;06:50:30;8;8.0198
10-06-2024;07:06:39;8;8.0238
10-06-2024;07:22:06;9;9.004
10-06-2024;07:35:32;8;8.0414
10-06-2024;07:50:44;9;9.0679
10-06-2024;08:03:39;8;8.0313
10-06-2024;08:15:27;9;9.0253
10-06-2024;08:26:09;8;8.0287
10-06-2024;08:37:23;8;8.0326
10-06-2024;08:48:02;9;9.0318
10-06-2024;08:59:05;8;8.0247
10-06-2024;09:14:30;8;8.084
10-06-2024;09:25:39;8;8.0398
10-06-2024;09:40:33;9;9.0504
10-06-2024;09:51:53;8;8.0513
10-06-2024;10:02:13;8;8.0566
10-06-2024;10:15:03;9;9.054
10-06-2024;10:29:15;9;9.0619
10-06-2024;10:46:08;8.3;8.3171
10-06-2024;10:59:26;8;8.0738
10-06-2024;11:14:39;8;8.0402
10-06-2024;11:25:13;8;8.0517
10-06-2024;11:57:04;8;8.0632
10-06-2024;12:07:44;8;8.0482
10-06-2024;12:20:18;9;9.0637
10-06-2024;12:31:29;8;8.0729
10-06-2024;12:41:50;7;7.0214
10-06-2024;12:52:19;8;8.0349
10-06-2024;13:02:17;8;8.0146
10-06-2024;13:09:49;4.5;4.5204
10-06-2024;13:19:54;8;8.0279
10-06-2024;13:31:33;8;8.0112
10-06-2024;13:41:27;7;6.9961
10-06-2024;13:51:50;7;7.0044
10-06-2024;14:00:02;5.2;5.2322
10-06-2024;14:10:57;8;8.0821
10-06-2024;14:23:24;8.5;8.5562
10-06-2024;14:30:56;3.6;3.6183
10-06-2024;14:50:07;4;4.0044
10-06-2024;15:44:03;8;8.0257
10-06-2024;15:55:12;8;8.0222
10-06-2024;16:03:03;8;8.0274
10-06-2024;16:12:01;8;7.9926
10-06-2024;16:20:52;8.1;8.1085
10-06-2024;16:30:22;8;8.0392
10-06-2024;16:36:33;8;8.0179
12-06-2024;06:02:48;1;1.0078
12-06-2024;06:19:08;8;8.0122
12-06-2024;06:37:56;9;9.0039
12-06-2024;06:48:08;8;8.0097
12-06-2024;06:57:24;8;8.0123
12-06-2024;07:11:00;8;8.0039
12-06-2024;07:22:41;8;8.0096
12-06-2024;07:35:17;8;8.0414
12-06-2024;07:50:53;8;8.0321
12-06-2024;08:15:32;8;8.0097
12-06-2024;08:37:27;8;7.9903
12-06-2024;08:57:53;8;8.0031
12-06-2024;09:16:12;8;8.0097
12-06-2024;09:26:00;8;7.9899
12-06-2024;09:36:47;8;8.0044
12-06-2024;09:47:09;8;8.0216
12-06-2024;09:56:55;8;7.9899
12-06-2024;10:06:27;8;8.0154
12-06-2024;10:16:35;8;7.9934
12-06-2024;11:28:30;8;8.0322
12-06-2024;11:39:58;8;8.0222
12-06-2024;11:51:11;5.2;5.2144
12-06-2024;12:17:13;9;9.0179
12-06-2024;12:29:03;8;8.0257
12-06-2024;12:40:49;8;8.0209
12-06-2024;12:51:52;8;8.017
12-06-2024;13:10:34;5;5.0133
12-06-2024;13:22:12;8;8.0392
12-06-2024;13:36:14;8;8.0653
12-06-2024;13:49:40;6.4;6.4204
12-06-2024;14:09:51;6;6.0131
13-06-2024;05:33:46;9;9.0576
13-06-2024;05:39:31;2;1.9828
13-06-2024;05:46:12;8;7.9775
13-06-2024;05:56:37;8;8
13-06-2024;06:07:33;8;7.9864
13-06-2024;06:17:57;8;8.0128
13-06-2024;06:33:30;8;7.9925
13-06-2024;06:50:35;8;8
13-06-2024;07:00:47;9;8.9855
13-06-2024;07:15:39;8;7.9885
13-06-2024;07:25:44;9;8.9877
13-06-2024;07:34:46;8;7.9895
13-06-2024;07:41:45;2;1.9987
13-06-2024;07:55:27;8;8.0127
13-06-2024;08:06:35;8;8.0681
13-06-2024;08:17:46;9;8.996
13-06-2024;08:27:50;8;8.0336
13-06-2024;08:50:02;9;8.9868
13-06-2024;09:02:29;8;7.978
13-06-2024;09:13:02;8;8.0009
13-06-2024;09:20:29;1;0.9867
13-06-2024;09:32:35;8;7.9833
13-06-2024;09:44:58;9;9.0039
13-06-2024;10:13:49;8;8.0218
13-06-2024;11:04:49;1;1.0352
13-06-2024;11:28:37;8;7.9965
13-06-2024;11:43:26;9;9.0205
13-06-2024;11:54:38;7;7.0454
13-06-2024;12:09:05;8;7.9881
13-06-2024;12:19:45;8;8.0375
13-06-2024;12:31:54;8;7.9894
13-06-2024;13:17:54;0.6;0.6102
13-06-2024;14:06:34;8.5;8.5153
13-06-2024;14:19:21;8;8.0018
13-06-2024;14:30:31;8;7.978
14-06-2024;07:00:18;8;7.9889
14-06-2024;07:14:42;7;6.9946
14-06-2024;07:25:20;7;6.9772
14-06-2024;07:35:25;6;6.0385
14-06-2024;08:53:29;6;6.0035
14-06-2024;09:04:38;6;5.9965
14-06-2024;09:09:46;8;7.9922
14-06-2024;09:37:32;6;0
14-06-2024;09:48:26;8;8.0275
14-06-2024;09:53:27;8;4.4
14-06-2024;10:03:15;9;9.0262
14-06-2024;10:21:31;9;9.0119
14-06-2024;10:27:31;2;2.0462
14-06-2024;10:33:52;8;8.0153
14-06-2024;10:41:11;1;0.9956
14-06-2024;10:56:42;8;8.0017
14-06-2024;11:07:55;7;7.01
14-06-2024;11:19:02;6.5;6.5253
14-06-2024;11:29:53;8;8.0318
14-06-2024;11:43:32;9;9.0166
14-06-2024;11:53:12;7;7.024
14-06-2024;12:05:28;8;8.0009
14-06-2024;12:16:26;8;8.0048
14-06-2024;12:35:17;8;8.0044
14-06-2024;12:48:34;9;9.0088
14-06-2024;13:01:24;9;8.985
14-06-2024;13:12:55;8;8.0097
14-06-2024;13:21:26;2;2.0198
14-06-2024;13:29:15;9;8.9878
14-06-2024;13:41:35;8;7.9913
14-06-2024;13:53:27;8;8.0026
14-06-2024;14:06:41;8.5;8.4946
14-06-2024;14:18:52;9;9.0235
14-06-2024;14:44:11;7;7.0056
14-06-2024;15:34:34;5;5.014
14-06-2024;15:59:41;5;5.0239
17-06-2024;06:48:46;9;9.0022
17-06-2024;07:00:51;8;8.034
17-06-2024;07:10:48;8;8.0345
17-06-2024;07:20:06;8;8.0301
17-06-2024;07:33:24;8;8.042
17-06-2024;08:33:35;8;8.0345
17-06-2024;08:49:04;8;8.0477
17-06-2024;09:11:54;8;8.065
17-06-2024;09:26:45;8;8.0677
17-06-2024;10:25:02;6;6.0624
17-06-2024;10:29:53;2;2.019
17-06-2024;11:17:34;5.5;5.5375
17-06-2024;11:44:11;8;8.037
17-06-2024;11:57:42;9;9.0348
17-06-2024;12:16:07;8;8.037
17-06-2024;12:26:25;8;8.0492
17-06-2024;12:38:54;6.7;6.7198
17-06-2024;12:53:00;8;8.037
17-06-2024;13:07:16;9;9.0331
17-06-2024;13:19:36;8;8.0509
17-06-2024;13:31:41;9;9.034
17-06-2024;14:12:43;3.8;3.8218
17-06-2024;14:26:10;9.2;9.2557
17-06-2024;14:37:26;8;8.0431
17-06-2024;15:36:48;9;9.0331
17-06-2024;15:46:26;7.2;7.2257
17-06-2024;16:02:36;8.8;8.847
17-06-2024;16:13:01;6;6.0436
17-06-2024;16:24:16;5.4;5.4379
18-06-2024;07:03:16;0.5;0.4832
18-06-2024;07:16:19;7;7.01
18-06-2024;07:27:23;7;7.0892
18-06-2024;07:40:03;8;8.0397
18-06-2024;07:52:52;8;8.0432
18-06-2024;08:09:00;9;9.0331
18-06-2024;08:54:59;8;8.0322
18-06-2024;09:12:49;8;8.0505
18-06-2024;09:24:31;8;8.0248
18-06-2024;09:35:17;8;8.0344
18-06-2024;09:51:34;8;8.0592
18-06-2024;10:03:50;8;8.0383
18-06-2024;11:11:03;8;8.024
18-06-2024;11:21:52;8;8.034
18-06-2024;11:34:11;8;8.0253
18-06-2024;11:46:01;8;8.0266
18-06-2024;11:58:18;8.5;8.5333
18-06-2024;12:08:10;1;0.9759
18-06-2024;13:03:28;7.4;7.4222
18-06-2024;13:13:32;6.5;6.5349
18-06-2024;13:24:34;8;8.0266
18-06-2024;13:35:50;7.7;7.7764
18-06-2024;13:42:16;1.5;1.5066
18-06-2024;13:58:03;8.2;8.2209
18-06-2024;14:08:28;6.5;6.5262
18-06-2024;14:16:33;5.5;5.5333
18-06-2024;14:33:25;8;8.0345
18-06-2024;14:46:45;8.4;8.4292
18-06-2024;14:56:57;8;8.0388
18-06-2024;15:08:43;8;8.0605
18-06-2024;15:25:12;8.5;8.5434
21-06-2024;06:16:56;8;8.0143
21-06-2024;06:27:12;8;8.0076
21-06-2024;06:38:30;8;8.0387
21-06-2024;06:50:28;9;9.0365
21-06-2024;06:59:40;8;8.0215
21-06-2024;07:09:38;8;8.0435
21-06-2024;07:18:50;8;8.0225
21-06-2024;07:30:10;9;9.0418
21-06-2024;07:39:42;8;8.0426
21-06-2024;07:49:28;8;8.0326
21-06-2024;08:00:09;9;9.0246
21-06-2024;08:20:04;8;8.0626
21-06-2024;08:42:13;9;9.0557
21-06-2024;09:07:55;5;5.0147
21-06-2024;09:51:48;0.7;0.6919
21-06-2024;10:34:16;9;9.0389
21-06-2024;10:44:19;5.7;5.7183
21-06-2024;11:24:43;7.5;7.5523
21-06-2024;11:34:51;7.5;7.5375
21-06-2024;11:45:36;8;8.0366
21-06-2024;11:58:00;8;8.0392
21-06-2024;12:13:30;9;8.9856
21-06-2024;12:23:25;7.5;7.541
21-06-2024;12:58:24;9;9.0141
21-06-2024;13:09:08;8;8.0344
21-06-2024;13:59:41;5.5;5.5118
21-06-2024;14:13:27;8;8.0274
21-06-2024;14:25:45;8;8.0274
21-06-2024;15:12:49;8.2;8.2052
21-06-2024;15:20:37;4.3;4.3146
26-06-2024;09:50:51;9;9.0452
26-06-2024;10:01:37;8;8.0735
26-06-2024;10:06:35;1;0.9782
26-06-2024;10:18:42;5.4;5.4539
26-06-2024;10:38:27;8;8.0787
26-06-2024;11:15:57;8;8.0715
26-06-2024;11:25:45;8;8.0492
26-06-2024;11:38:10;8;8.0549
26-06-2024;12:29:44;9;9.047
26-06-2024;12:36:55;3.5;3.5201
26-06-2024;12:51:25;0.5;0.5187
26-06-2024;13:31:21;8;8.0626
26-06-2024;14:23:25;8;8.0766
26-06-2024;14:45:12;8;8.1357
26-06-2024;14:58:45;8;8.0862
26-06-2024;15:11:03;8;8.0587
26-06-2024;15:27:12;9;9.084
26-06-2024;15:38:31;8;8.0527
26-06-2024;15:48:41;8;8.0631
26-06-2024;15:58:04;6.5;6.5388
26-06-2024;16:09:29;8;8.0718
26-06-2024;16:18:39;6.5;6.5541
26-06-2024;16:24:02;2;2.0635
26-06-2024;16:33:18;8.2;8.2357
26-06-2024;16:43:39;8;8.0765
26-06-2024;16:52:50;6;6.1057
26-06-2024;17:02:00;8;8.0461
26-06-2024;17:13:11;8;8.0658
26-06-2024;17:23:15;8;8.0757
26-06-2024;17:32:14;8;8.0479
26-06-2024;17:43:43;8;8.0683
26-06-2024;17:53:30;8;8.0613
26-06-2024;18:04:47;8;8.1249
26-06-2024;18:15:56;8;8.0705
26-06-2024;19:00:51;7;7.0631
27-06-2024;06:17:50;8;8.068
27-06-2024;06:29:02;9;9.0855
27-06-2024;06:39:45;8;8.0759
27-06-2024;06:50:18;8;8.0815
27-06-2024;07:05:20;7.5;7.6038
27-06-2024;07:17:26;9;9.075
27-06-2024;07:28:22;6.5;6.5539
27-06-2024;07:43:27;8;8.0916
27-06-2024;07:52:01;6;6.076
27-06-2024;08:03:47;8;8.0818
27-06-2024;08:14:13;8;8.0855
27-06-2024;08:20:13;8;8.0374
27-06-2024;08:33:26;9;9.0769
27-06-2024;08:44:50;8;8.0881
27-06-2024;08:51:39;4;3.8829
27-06-2024;09:00:50;6;6.0645
27-06-2024;09:12:55;8;8.1277
27-06-2024;09:23:30;8;8.078
27-06-2024;09:34:28;8;8.0817
27-06-2024;09:44:45;8;8.0925
27-06-2024;09:54:08;4;4.0629
27-06-2024;10:00:24;8;8.0691
27-06-2024;10:06:45;1;0.9642
27-06-2024;10:24:23;8;8.0288
27-06-2024;10:49:12;7;7.0596
27-06-2024;11:33:18;9;9.0766
27-06-2024;11:42:17;5.5;5.558
27-06-2024;11:55:59;9;9.0626
27-06-2024;12:07:21;7;7.0674
27-06-2024;12:19:06;8;8.0827
27-06-2024;12:30:13;8;8.097
27-06-2024;12:42:00;8;8.0618
27-06-2024;12:51:51;8.4;8.4648
27-06-2024;13:00:22;8;8.0611
27-06-2024;13:12:22;8.5;8.5633
27-06-2024;13:23:13;8;8.079
27-06-2024;13:34:24;8;8.0901
27-06-2024;13:42:26;4;4.0425
27-06-2024;13:50:47;5;5.0676
27-06-2024;14:01:20;8;8.0753
27-06-2024;14:12:39;7.7;7.7597
27-06-2024;14:37:26;7;7.0244
27-06-2024;14:53:26;7;7.0095
27-06-2024;15:03:10;8;8.0332
27-06-2024;15:06:49;3.5;3.545
27-06-2024;15:12:42;4;4.0328
27-06-2024;15:23:21;8;8.0629
27-06-2024;15:35:10;8;8.0106
27-06-2024;15:45:03;6.6;6.6335
27-06-2024;15:54:30;8;8.027
27-06-2024;16:04:12;8;8.1001
27-06-2024;16:13:46;7.5;7.5605
27-06-2024;16:28:36;4.6;4.6144
04-07-2024;10:38:10;7;7.0237
04-07-2024;10:49:20;8;8.0571
04-07-2024;10:59:42;8;8.0676
04-07-2024;11:10:26;8;8.0751
04-07-2024;11:27:27;6.4;6.4415
04-07-2024;11:42:28;3;2.9952
04-07-2024;11:53:23;7.5;7.5797
04-07-2024;11:57:22;1;0.9777
04-07-2024;12:09:30;8;8.0518
04-07-2024;12:21:18;8;8.0432
04-07-2024;12:33:27;8;8.0362
04-07-2024;12:37:53;1.5;1.4788
04-07-2024;12:49:21;8;8.0151
04-07-2024;13:00:11;8;8.0326
04-07-2024;13:08:25;6;6.046
04-07-2024;13:19:02;8;8.0252
04-07-2024;13:31:16;9;9.0301
04-07-2024;13:36:42;2.2;2.2137
04-07-2024;13:41:36;2;2.0161
04-07-2024;13:47:27;7;7.0474
04-07-2024;13:53:45;4;4.0146
04-07-2024;14:02:22;6.1;6.1208
04-07-2024;14:12:13;8;8
04-07-2024;14:21:03;8;7.9843
04-07-2024;14:29:26;5.4;5.4125
04-07-2024;14:38:10;6;5.9982
04-07-2024;14:48:44;6.1;6.1002
04-07-2024;15:04:55;7;7.0304
04-07-2024;15:15:21;7;7.0174
04-07-2024;15:43:57;8.5;8.5583
04-07-2024;15:54:45;8.4;8.4089
04-07-2024;16:03:54;7;7.0259
04-07-2024;16:11:24;6.2;6.2299
04-07-2024;16:21:26;7;7.0201
04-07-2024;16:34:33;8;7.9897
04-07-2024;16:45:12;6.5;6.5279
04-07-2024;16:54:01;4;4.0112
04-07-2024;17:03:41;7.2;7.2201
04-07-2024;17:13:35;8;8.0063
05-07-2024;07:14:48;8;8.0354
05-07-2024;07:30:17;8;7.9991
05-07-2024;07:41:19;8;8.0052
05-07-2024;07:53:06;7.5;7.5379
05-07-2024;07:58:06;1.4;1.3705
05-07-2024;08:31:27;4.5;4.5239
05-07-2024;08:54:45;7;7.063
05-07-2024;09:02:03;3.6;3.6226
05-07-2024;09:14:24;8;7.9996
05-07-2024;09:59:31;8;8.1882
05-07-2024;10:15:02;8.3;8.323
05-07-2024;10:30:39;6;6.0218
05-07-2024;10:51:54;9;9.0307
05-07-2024;11:11:24;8.1;8.1212
05-07-2024;11:23:41;9;9.0481
05-07-2024;11:43:18;5.5;5.5013
05-07-2024;11:58:43;8;8.0277
05-07-2024;12:26:21;8.8;8.8259
05-07-2024;13:32:28;5.5;5.5256
05-07-2024;13:46:16;4.5;4.5305
05-07-2024;14:00:18;8;8.0281
05-07-2024;14:11:35;9;9.0348
05-07-2024;14:23:44;9;9.033
05-07-2024;14:36:42;9;8.9951
05-07-2024;14:47:57;6.2;6.2004
05-07-2024;15:09:26;4;4.0307
05-07-2024;15:43:56;8;8.0115
05-07-2024;15:51:50;6;6.0188
05-07-2024;15:59:12;5.5;5.5123
05-07-2024;16:23:38;8;8.059
05-07-2024;16:58:28;8;8.0617
08-07-2024;11:15:25;8;7.9929
08-07-2024;11:27:33;8;8.0286
08-07-2024;11:41:33;8;8.0219
08-07-2024;11:54:07;9;9.0427
08-07-2024;12:02:38;7;7.0304
08-07-2024;12:14:55;5;5.0255
08-07-2024;12:53:26;7.5;7.4875
08-07-2024;13:04:18;8.2;8.2183
08-07-2024;13:18:13;7.3;7.3243
08-07-2024;13:36:37;8.2;8.2144
08-07-2024;14:00:42;8.4;8.4313
08-07-2024;14:09:44;3;3.0173
09-07-2024;12:01:55;8;8.0245
09-07-2024;12:15:55;8;8.0197
09-07-2024;12:27:58;8.5;8.5331
09-07-2024;12:39:59;8;8.0787
09-07-2024;12:55:34;8;8.0384
09-07-2024;13:17:54;8;8.0313
09-07-2024;13:38:35;8;8.0205
09-07-2024;14:00:47;8;8.0442
09-07-2024;14:12:34;7;7.0268
09-07-2024;15:03:38;8;8.0232
09-07-2024;15:13:26;4.5;4.5217
10-07-2024;06:18:42;8;8.0231
10-07-2024;06:29:33;8;8.0327
10-07-2024;06:39:41;8;8.0475
10-07-2024;06:50:13;8;8.0318
10-07-2024;07:01:06;8;8.0344
10-07-2024;07:59:32;8;8.0654
15-07-2024;06:24:38;8;8.0545
15-07-2024;06:35:32;8;8.0415
15-07-2024;06:49:10;9;9.0497
15-07-2024;07:00:30;8;8.0327
15-07-2024;07:10:44;8;8.0362
15-07-2024;07:35:45;8;8.0641
15-07-2024;07:57:15;9;9.0554
15-07-2024;08:13:32;9;9.0763
15-07-2024;11:03:47;9;9.0466
15-07-2024;11:18:31;9;9.0405
15-07-2024;11:31:15;9;9.044
15-07-2024;12:14:27;7.5;7.5426
15-07-2024;12:28:02;8;8.0099
15-07-2024;12:41:04;8;8.0098
15-07-2024;12:51:15;8;8.0161
15-07-2024;13:04:30;8;8.025
17-07-2024;06:46:19;9;9.0286
17-07-2024;06:56:16;8;8.0456
17-07-2024;07:36:34;9;8.9799
17-07-2024;07:48:41;8;8.0442
17-07-2024;08:00:12;8;8.0407
17-07-2024;08:13:00;8;8.0121
17-07-2024;08:27:48;0.6;0.5586
17-07-2024;09:02:37;5.5;5.6229
17-07-2024;09:16:23;9;9.0121
17-07-2024;09:29:19;7;7.0318
17-07-2024;09:42:16;8;8.0286
17-07-2024;09:52:50;7;7.0139
18-07-2024;06:25:34;11;10.9677
18-07-2024;06:46:09;8;8.0433
18-07-2024;06:59:00;9;9.0102
18-07-2024;07:14:53;8;8.0305
18-07-2024;07:26:14;8;8.0212
18-07-2024;07:47:23;9;9.0562
18-07-2024;08:52:25;9;9.024
18-07-2024;09:03:08;8;7.9858
18-07-2024;09:18:28;9;9.0022
18-07-2024;09:28:25;8;8.0074
18-07-2024;09:38:45;8;8.0222
18-07-2024;10:26:19;6;6.0104
18-07-2024;10:34:59;8;7.9929
19-07-2024;08:02:33;3;3.0068
25-07-2024;14:17:28;7.5;7.5213
25-07-2024;14:27:27;3.8;3.8224
25-07-2024;14:40:20;8;8.032
25-07-2024;14:56:50;8.5;8.5069
25-07-2024;15:06:52;8;8.0197
25-07-2024;15:19:18;9;9.0608
25-07-2024;16:18:31;5.8;5.8179
25-07-2024;16:37:07;8.5;8.5203
25-07-2024;16:49:40;8.2;8.2112
25-07-2024;17:01:02;3.5;3.5184
26-07-2024;06:38:25;9;9.0223
26-07-2024;06:51:03;9;9.0219
26-07-2024;07:13:50;7;7.0045
26-07-2024;07:26:51;8.5;8.519
26-07-2024;07:37:36;8.5;8.5472
26-07-2024;07:58:10;8;8.1231
26-07-2024;08:47:54;9;9.0005
26-07-2024;08:59:53;8;8.0247
26-07-2024;09:13:10;7;7.027
26-07-2024;09:24:19;7;7.0243
26-07-2024;09:44:08;8;8.0392
26-07-2024;09:54:15;7;7.0265
26-07-2024;10:05:03;8;8.0392
26-07-2024;10:16:03;7;7.0266
26-07-2024;10:30:46;7;7.0138
26-07-2024;10:52:29;2.5;2.5295
26-07-2024;11:57:48;7;7.02
26-07-2024;12:11:04;8;8.0208
26-07-2024;12:19:38;4;4.026
26-07-2024;12:26:02;8;7.9995
26-07-2024;12:40:47;7;7.0208
26-07-2024;12:51:48;7;7.0058
26-07-2024;13:06:51;6;6.0742
26-07-2024;13:20:17;8.5;8.526
26-07-2024;13:33:06;8;8.0009
26-07-2024;13:50:32;7;7.0139
26-07-2024;14:05:58;9;9.0178
30-07-2024;06:16:39;1;0.9887
30-07-2024;06:21:23;1;0.9817
30-07-2024;06:28:11;2;1.9625
30-07-2024;06:49:08;8;8.0583
30-07-2024;07:00:28;9;9.0213
30-07-2024;07:07:37;3;2.9912
30-07-2024;07:18:17;8.5;8.5207
30-07-2024;07:28:42;8.5;8.5202
30-07-2024;07:39:48;8;8.0013
30-07-2024;07:50:54;9;9.0117
30-07-2024;08:00:48;8;8.0231
30-07-2024;08:09:48;8;7.974
30-07-2024;08:19:07;8;7.9921
30-07-2024;08:28:47;8;8.0309
30-07-2024;08:52:56;9;9.0257
30-07-2024;09:04:10;6;6.0109
30-07-2024;09:18:50;9;9.0274
30-07-2024;09:31:40;9;9.0187
30-07-2024;09:38:06;3;3.0353
30-07-2024;09:45:44;5.5;5.5198
30-07-2024;10:05:43;2.4;2.4174
30-07-2024;10:40:53;8;8.0217
30-07-2024;10:50:52;8;7.9835
30-07-2024;11:23:05;7;6.9922
30-07-2024;11:27:44;7.5;7.5298
30-07-2024;11:44:22;4;4.0526
30-07-2024;12:03:04;9.3;9.3102
30-07-2024;12:19:17;6;5.9687
30-07-2024;13:17:05;8;7.9817
30-07-2024;13:26:58;7;6.9856
30-07-2024;13:39:46;9;8.9887
30-07-2024;13:45:49;0.5;0.461
30-07-2024;13:53:28;5;5.0222
30-07-2024;14:04:03;6;6.0228
30-07-2024;14:17:04;8.7;8.7293
30-07-2024;14:27:23;8;8.0331
30-07-2024;14:36:36;6.2;6.2383
30-07-2024;14:41:39;0.5;0.483
30-07-2024;14:57:07;6.8;6.8466
30-07-2024;15:08:02;7.6;7.6396
30-07-2024;15:44:11;7.4;7.4396
30-07-2024;15:52:45;4.5;4.5666
01-08-2024;06:18:45;9;9.0275
01-08-2024;06:29:42;8;8.0275
01-08-2024;06:41:38;8;8.0537
01-08-2024;06:52:29;8;8.0323
01-08-2024;07:04:29;8;8.0407
01-08-2024;08:01:07;8;8.0465
01-08-2024;08:55:18;8;8.0282
02-08-2024;06:33:41;3;2.986
02-08-2024;06:39:51;2.7;2.6694
02-08-2024;06:45:33;2.5;2.497
02-08-2024;06:57:23;6;6.0088
02-08-2024;08:23:55;9;9.0232
02-08-2024;08:37:32;8;8.0504
02-08-2024;08:47:04;8;8.0631
02-08-2024;08:56:03;8;8.0705
02-08-2024;09:06:20;8;8.0592
02-08-2024;09:15:05;5.2;5.2285
02-08-2024;09:32:59;5.3;5.3244
02-08-2024;10:23:10;5.4;5.453
02-08-2024;10:37:59;7.5;7.5173
02-08-2024;10:47:54;5.4;5.4797
02-08-2024;11:44:48;8;8.0126
02-08-2024;12:33:55;6;6.0233
02-08-2024;12:57:30;4.5;4.495
02-08-2024;13:10:35;6.8;6.8206
02-08-2024;13:54:00;9;9.1502
02-08-2024;14:40:06;8;8.0716
02-08-2024;14:53:52;6.5;6.5252
02-08-2024;15:05:33;9;9.0701
02-08-2024;15:15:47;8;8.0474
02-08-2024;15:20:04;0.6;0.6358
02-08-2024;15:32:59;8;8.0326
02-08-2024;15:42:44;8;8.046
02-08-2024;16:04:31;8;8.0263
02-08-2024;16:43:30;4;4.0688
05-08-2024;06:29:32;1;0.9922
05-08-2024;06:40:19;3;2.9356
05-08-2024;06:51:05;3.7;3.6195
05-08-2024;07:25:16;0.6;0.5819
05-08-2024;09:24:17;5.7;5.7274
05-08-2024;09:33:31;6;6.0333
05-08-2024;10:01:41;7;7.0383
05-08-2024;10:14:01;5.5;5.5204
05-08-2024;10:22:36;5;5.0285
05-08-2024;11:14:50;6;6.0309
05-08-2024;11:35:25;5.5;5.5223
05-08-2024;11:43:42;6;6.06
05-08-2024;12:09:45;5;5.0289
05-08-2024;12:22:32;7.5;7.5683
05-08-2024;12:35:27;6.5;6.5233
05-08-2024;12:43:50;4.3;4.3237
05-08-2024;12:47:18;0.6;0.6421
05-08-2024;13:09:32;8.7;8.7147
05-08-2024;13:18:12;6;6.0692
05-08-2024;13:23:32;3;3.0856
05-08-2024;13:39:22;7.5;7.5527
05-08-2024;14:05:54;9.3;9.3603
05-08-2024;14:25:46;6;6.0758
05-08-2024;14:58:49;7;7.0565
05-08-2024;15:43:46;1.8;1.8524
05-08-2024;16:22:05;8;8.1113
05-08-2024;16:31:44;7;7.0487
05-08-2024;16:39:05;7;7.0487
05-08-2024;16:48:20;7;7.0414
06-08-2024;06:08:50;3.5;3.4571
06-08-2024;06:12:32;1;0.986
06-08-2024;06:16:46;0.7;0.6855
06-08-2024;06:25:21;3;2.8765
06-08-2024;14:44:33;8;8.0889
06-08-2024;14:55:18;8;8.0354
06-08-2024;15:04:58;8;8.0479
06-08-2024;15:14:43;8;8.0432
06-08-2024;16:25:46;3;3.0332
07-08-2024;06:28:09;1;0.971
07-08-2024;06:40:07;3.2;3.1448
07-08-2024;06:53:49;2;1.9452
07-08-2024;13:51:32;8;8.0298
07-08-2024;14:04:00;8.5;8.5114
07-08-2024;14:14:45;8;8.0263
07-08-2024;14:25:05;6.7;6.7127
07-08-2024;15:31:07;8;8.0673
08-08-2024;06:32:59;3.2;3.1898
08-08-2024;07:24:34;8;8.0216
08-08-2024;07:33:54;8;7.9868
08-08-2024;07:46:41;8.5;8.5206
08-08-2024;07:56:39;8;7.996
08-08-2024;08:06:48;8;8.0088
08-08-2024;08:15:44;8;8.0053
08-08-2024;08:26:47;9;8.9881
08-08-2024;08:30:59;9;8.9375
08-08-2024;08:42:49;8;8.0471
08-08-2024;09:17:47;9;8.996
08-08-2024;09:31:51;8;7.9736
08-08-2024;09:47:05;8;7.9899
08-08-2024;11:11:34;8;8.0066
08-08-2024;11:22:22;8;7.9961
08-08-2024;11:34:33;8;7.9961
08-08-2024;11:43:43;6.3;6.2904
08-08-2024;11:52:41;8;8
08-08-2024;12:30:35;8;7.985
08-08-2024;12:49:40;8;7.9776
08-08-2024;13:00:15;8;7.985
08-08-2024;13:09:06;2;2.0053
08-08-2024;13:18:52;8;7.9974
08-08-2024;13:30:23;8;7.9974
08-08-2024;13:38:09;6;6.0209
08-08-2024;13:50:15;7.2;7.2035
08-08-2024;14:10:54;6;6.0211
08-08-2024;14:15:05;8;8.0049
08-08-2024;14:28:27;8.4;8.4048
08-08-2024;15:00:23;7;7.0197
08-08-2024;15:16:14;8;8.0638
08-08-2024;15:24:02;6;6.0414
08-08-2024;15:27:07;8.5;8.5095
08-08-2024;15:45:01;6;6.0103
08-08-2024;16:01:39;5;5.0407
08-08-2024;16:09:03;3.5;3.5154
08-08-2024;16:17:18;5.5;5.5561
08-08-2024;16:31:16;8.5;8.5218
08-08-2024;16:42:43;8;8.0298
08-08-2024;16:51:01;2.9;2.8964
09-08-2024;06:30:22;1;0.9866
09-08-2024;06:39:33;1;0.9797
09-08-2024;06:51:09;2.5;2.4485
09-08-2024;06:56:36;0.5;0.4931
09-08-2024;12:13:19;8;8.003
09-08-2024;12:26:37;8;7.9689
09-08-2024;12:41:41;9;8.992
09-08-2024;12:52:29;8;8.0116
09-08-2024;13:36:58;6.8;6.7947
09-08-2024;14:24:00;2.6;2.6022
09-08-2024;14:32:54;3.3;3.2579
12-08-2024;07:08:38;8;7.9934
12-08-2024;07:42:04;5.5;5.4997
12-08-2024;07:51:22;5.5;5.5002
12-08-2024;13:33:05;8;8.0194
12-08-2024;13:43:14;8;8.0125
12-08-2024;13:55:00;8;8.0235
12-08-2024;14:17:03;5.5;5.5885
12-08-2024;14:24:31;7;7.038
12-08-2024;15:13:50;6;6.0208
12-08-2024;15:23:53;6.6;6.6057
12-08-2024;15:32:18;6;6.0518
12-08-2024;16:05:03;6;6.034
12-08-2024;16:46:12;6;6.0116
12-08-2024;17:31:04;5;5.0031
13-08-2024;06:31:28;1;0.9968
13-08-2024;06:37:07;2.2;2.1796
13-08-2024;06:42:56;2;1.9216
13-08-2024;08:19:53;1;0.9719
13-08-2024;10:38:18;8;8.0554
13-08-2024;11:53:03;8;8.0108
13-08-2024;12:04:27;8;8.0384
13-08-2024;12:14:45;8;8.0462
13-08-2024;12:25:24;7;7.0522
13-08-2024;14:56:59;8.5;8.5186
13-08-2024;15:21:46;6.8;6.8273
13-08-2024;15:46:09;4;4.0876
13-08-2024;15:57:34;9.3;9.351
13-08-2024;16:07:11;8;8.0959
13-08-2024;16:11:26;0.6;0.6322
13-08-2024;16:18:31;3.5;3.5295
13-08-2024;16:31:43;7.9;7.9551
13-08-2024;17:43:15;8;8.0261
13-08-2024;18:28:01;8;8.1094
13-08-2024;19:19:58;8;8.0374
14-08-2024;06:31:13;1.5;1.464
14-08-2024;06:37:32;0.7;0.6968
14-08-2024;06:45:36;1.5;1.4487
14-08-2024;07:51:40;1;0.993
14-08-2024;08:08:59;8;8.0101
14-08-2024;08:41:35;1;0.9748
14-08-2024;08:58:04;1;0.9989
14-08-2024;10:22:05;8;8.0522
14-08-2024;10:33:58;8.5;8.533
14-08-2024;10:43:57;8;8.0304
14-08-2024;10:55:29;8.5;8.53
14-08-2024;11:07:48;8;8.0242
14-08-2024;11:19:02;8;8.0014
14-08-2024;11:24:06;1.2;1.1923
14-08-2024;11:44:35;3.4;3.3978
14-08-2024;12:26:54;9;9.0185
14-08-2024;12:31:13;0.6;0.596
14-08-2024;12:43:28;8;7.9965
14-08-2024;13:07:51;8;8.0224
14-08-2024;13:22:37;9;9.007
14-08-2024;13:34:47;8;8.0141
14-08-2024;13:46:04;5.8;5.8119
14-08-2024;13:50:28;0.6;0.6044
14-08-2024;14:25:35;5.5;5.5026
14-08-2024;14:28:28;0.3;0.3644
14-08-2024;14:50:38;0.7;0.6692
14-08-2024;15:41:23;8;8.0328
14-08-2024;16:12:41;8;8.0259
14-08-2024;16:40:11;7.5;7.5007
14-08-2024;17:17:03;8;8.0044
14-08-2024;17:29:58;7.5;7.5239
19-08-2024;11:27:10;8;7.9964
19-08-2024;11:41:58;8;8.033
19-08-2024;11:57:53;6.6;6.6044
19-08-2024;12:07:01;8;8.1212
19-08-2024;13:35:53;9;9.0382
19-08-2024;13:45:49;8;8.102
19-08-2024;13:58:18;6.8;6.8374
19-08-2024;14:07:12;7.3;7.3572
19-08-2024;14:14:11;5.5;5.5509
19-08-2024;14:17:03;7;7.0322
19-08-2024;14:40:08;7.1;7.1678
19-08-2024;14:49:33;6;6.0233
19-08-2024;15:12:18;5.7;5.7295
19-08-2024;15:21:22;5.5;5.5137
19-08-2024;15:52:22;8;8.0293
19-08-2024;16:03:07;8;8.0535
19-08-2024;16:14:04;8;8.0362
19-08-2024;16:37:56;8;8.0337
19-08-2024;17:35:43;9;9.0297
19-08-2024;17:51:43;8;8.0544
19-08-2024;18:04:05;6;6.0397
20-08-2024;06:33:08;2.5;2.4474
20-08-2024;06:40:28;4;3.9409
20-08-2024;06:54:29;0.5;0.4465
20-08-2024;07:26:57;9;9.0611
20-08-2024;07:38:56;9;9.0475
20-08-2024;07:48:59;8;8.0603
20-08-2024;07:58:16;8;8.051
20-08-2024;08:06:14;8;8.0876
20-08-2024;08:15:35;8;7.9885
20-08-2024;09:20:09;8;8.0453
20-08-2024;09:26:14;2.5;2.5326
20-08-2024;09:40:10;7;7.0222
20-08-2024;09:54:19;0.5;0.4737
20-08-2024;10:04:25;7;7.0378
20-08-2024;10:13:10;7;7.0278
20-08-2024;10:22:24;5.5;5.5142
20-08-2024;10:59:46;7;7.0604
20-08-2024;11:09:54;7;7.044
20-08-2024;11:19:18;7;7.0242
20-08-2024;11:27:26;7;7.035
20-08-2024;11:38:28;8;8.0255
20-08-2024;11:48:14;4;4.0257
20-08-2024;12:12:03;8;8.0616
20-08-2024;12:27:02;8;8.0738
20-08-2024;12:32:15;8;7.9982
20-08-2024;12:38:31;8;8.0698
20-08-2024;12:51:10;9;9.0351
20-08-2024;13:02:06;9;9.0544
20-08-2024;13:11:10;8;8.1836
20-08-2024;13:35:24;7.6;7.6876
20-08-2024;14:14:23;8.5;8.5295
20-08-2024;14:58:55;5.7;5.7678
20-08-2024;15:07:40;5.7;5.7172
20-08-2024;15:16:25;8;7.9928
20-08-2024;15:31:13;9;9.0152
20-08-2024;15:37:38;8;8.0051
20-08-2024;16:12:01;5;5.0207
20-08-2024;16:21:19;8;8.034
20-08-2024;16:27:13;3;3.0057
20-08-2024;16:38:35;8;7.9915
20-08-2024;16:48:02;8;8.0608
20-08-2024;16:55:23;7.5;7.5248
20-08-2024;17:04:09;8;8.0277
20-08-2024;17:15:04;7;7.0229
20-08-2024;17:37:11;7;7.0108
20-08-2024;18:09:20;3;3.0331
22-08-2024;06:28:01;1;0.9807
22-08-2024;06:35:48;4;3.9839
22-08-2024;06:39:13;0.7;0.6914
22-08-2024;06:43:22;1;0.9936
22-08-2024;06:55:24;8;7.9902
22-08-2024;08:40:28;4;3.9962
22-08-2024;13:17:06;4;4.0524
23-08-2024;06:07:39;0.5;0.4785
23-08-2024;06:12:05;0.5;0.5102
23-08-2024;06:19:49;4.2;4.1576
23-08-2024;06:38:29;8;7.987
23-08-2024;06:52:02;8;8.0303
23-08-2024;07:01:32;8;8.0273
23-08-2024;07:12:39;9;9.0185
23-08-2024;08:02:21;8;8.0097
23-08-2024;08:23:49;5;5.0059
23-08-2024;09:57:04;8;8.0085
23-08-2024;10:05:17;8;8.0009
23-08-2024;10:14:13;8;8.026
23-08-2024;10:23:51;8;8.0979
23-08-2024;10:42:21;9;9.0315
23-08-2024;10:53:46;8;8.024
23-08-2024;10:58:50;0.7;0.6517
23-08-2024;11:48:51;8.3;8.3638
23-08-2024;12:12:17;8;8.0248
23-08-2024;12:27:58;6.6;6.6022
23-08-2024;12:38:59;4.5;4.5033
23-08-2024;13:02:31;8;8.0031
23-08-2024;13:17:42;8;8.0013
23-08-2024;13:28:44;9;9.0189
23-08-2024;13:44:24;9;9.013
23-08-2024;14:17:50;8;8.0063
23-08-2024;14:27:25;6;6.0018
23-08-2024;14:50:44;8;8.0166
23-08-2024;15:42:16;7.7;7.6956
26-08-2024;07:01:05;1;0.9678
26-08-2024;07:07:06;1;0.9786
26-08-2024;07:23:27;5;4.9361
26-08-2024;07:30:19;2;1.9694
26-08-2024;09:43:03;7.4;7.4541
26-08-2024;10:05:44;8;8.0022
26-08-2024;10:44:34;7;7.0044
26-08-2024;10:58:42;3;3.0207
26-08-2024;11:04:03;3;2.9987
26-08-2024;11:13:20;6;6.0244
26-08-2024;11:27:52;7;7.0198
26-08-2024;11:37:56;8;8.0238
26-08-2024;11:47:33;8;8.0167
26-08-2024;11:56:58;8;7.9987
26-08-2024;12:07:45;6.2;6.2194
26-08-2024;12:47:54;8;8.0898
26-08-2024;12:57:14;6.7;6.7246
26-08-2024;13:59:16;3;3.0022
26-08-2024;14:09:00;8;8.0071
26-08-2024;14:31:51;8;7.9969
26-08-2024;14:42:15;7;7
26-08-2024;14:55:42;9;9.0072
26-08-2024;15:10:02;9;9.0586
26-08-2024;15:22:13;8;8.0792
26-08-2024;15:34:16;8;8.0558
26-08-2024;15:43:32;7;7.0189
26-08-2024;15:51:53;8;8.0293
26-08-2024;15:55:38;0.5;0.4984
26-08-2024;16:05:31;7.8;7.8678
26-08-2024;16:15:55;8;8.0711
26-08-2024;16:32:21;9;9.0279
26-08-2024;16:42:34;7.9;7.9275
26-08-2024;16:53:25;7.7;7.7246
26-08-2024;17:01:10;6;6.0277
26-08-2024;17:10:41;7;7.0407
26-08-2024;17:22:30;7;7.0554
26-08-2024;17:32:48;7;7.0568
27-08-2024;07:05:08;1;0.9893
27-08-2024;07:19:02;5;4.9324
27-08-2024;07:25:02;0.8;0.7585
27-08-2024;07:38:08;4;3.9962
27-08-2024;09:05:18;9;9.0273
27-08-2024;09:11:43;9;9.0286
27-08-2024;09:21:48;8;8.0537
27-08-2024;09:32:01;8;8.0373
27-08-2024;09:39:58;8;8.0915
27-08-2024;09:47:19;8;8.0244
27-08-2024;09:56:26;8;8.0405
27-08-2024;09:57:59;8;8.0068
27-08-2024;10:12:02;8;8.0413
27-08-2024;10:21:22;9;9.0378
27-08-2024;10:31:04;9;9.0242
27-08-2024;10:41:57;8;8.0233
27-08-2024;10:43:31;8;8.0234
27-08-2024;10:52:30;8;8.0391
27-08-2024;11:05:17;8;8.0377
27-08-2024;11:15:18;8;8.0261
27-08-2024;11:16:52;9;9.0274
27-08-2024;11:35:50;9;9.0299
27-08-2024;12:30:37;9.5;9.544
27-08-2024;12:35:51;0.7;0.6989
27-08-2024;12:40:17;1;0.96
27-08-2024;13:04:56;8;7.984
27-08-2024;13:17:55;8;8.0238
27-08-2024;14:17:43;4.5;4.5348
27-08-2024;15:38:44;8.5;8.5369
27-08-2024;15:48:04;8.5;8.5291
27-08-2024;15:56:48;8;8.0276
27-08-2024;16:13:25;6.7;6.7
28-08-2024;06:36:21;1.5;1.4914
28-08-2024;06:39:06;1;0.9903
28-08-2024;06:47:19;6;5.9764
28-08-2024;07:05:44;2.5;2.3959
28-08-2024;08:31:46;8.5;8.4897
28-08-2024;08:42:12;8;7.9801
28-08-2024;08:51:17;8;7.9916
28-08-2024;09:01:29;8.5;8.4993
28-08-2024;09:23:16;1;0.9551
28-08-2024;10:26:56;8;8.0505
28-08-2024;10:37:26;8;8.0406
28-08-2024;10:47:13;8;8.041
28-08-2024;10:57:35;8;8.0613
28-08-2024;11:34:47;4;3.9956
28-08-2024;11:57:37;5;5.0196
28-08-2024;12:05:50;5.5;5.5352
28-08-2024;12:27:58;8;8.0387
28-08-2024;12:37:53;8;8.0054
28-08-2024;13:01:01;6.5;6.5282
28-08-2024;13:38:39;6.8;6.8194
28-08-2024;14:10:40;9;9.0044
28-08-2024;14:22:02;8;8.0045
28-08-2024;14:37:31;8;8.0189
28-08-2024;14:46:39;6.5;6.5117
28-08-2024;14:57:04;7.8;7.828
28-08-2024;15:16:51;6;6.0726
28-08-2024;15:29:12;8;8.0261
28-08-2024;15:57:21;8.6;8.6317
28-08-2024;16:07:36;8;8.0397
28-08-2024;16:24:18;7.5;7.526
28-08-2024;16:28:17;9;9.0071
28-08-2024;16:37:56;8;8.016
28-08-2024;16:45:55;2.5;2.5235
28-08-2024;17:16:55;9;9.0358
29-08-2024;05:54:04;0.5;0.4888
29-08-2024;05:58:01;0.5;0.507
29-08-2024;06:14:14;6.5;6.4174
29-08-2024;06:32:04;8;8.0682
29-08-2024;06:45:58;8;8.0391
29-08-2024;06:53:04;2;1.9472
29-08-2024;07:44:00;6;6.0061
29-08-2024;08:18:41;8;8.0559
29-08-2024;08:21:11;9;9.0255
29-08-2024;08:23:09;9.3;9.3907
29-08-2024;09:18:14;3.7;3.6811
29-08-2024;09:22:05;1;0.9765
29-08-2024;09:36:48;1;0.9695
29-08-2024;10:19:34;8;8.0391
29-08-2024;10:29:02;8;8.0204
29-08-2024;10:38:47;9;9.0449
29-08-2024;10:48:26;9;9.0398
29-08-2024;10:57:06;8;8.0389
29-08-2024;11:02:40;4;4.0269
29-08-2024;11:06:07;8;8.0462
29-08-2024;11:18:25;8;8.0296
29-08-2024;11:45:41;8;8.041
29-08-2024;12:03:05;8;8.0627
29-08-2024;12:23:36;8;8.076
29-08-2024;12:35:43;8;8.0677
29-08-2024;12:46:44;8;8.0332
29-08-2024;12:57:11;8;8.0691
29-08-2024;13:08:22;8;8.0545
29-08-2024;13:22:06;8;8.0664
29-08-2024;13:43:25;8;8.0746
29-08-2024;14:36:09;2;2.063
29-08-2024;14:43:03;8;8.0351
29-08-2024;14:57:12;9;9.0459
29-08-2024;15:23:28;8.5;8.5321
29-08-2024;15:48:47;6.6;6.6594
29-08-2024;16:03:21;8;8.0487
29-08-2024;16:26:00;6;5.9986
30-08-2024;06:31:49;0.5;0.4952
30-08-2024;06:41:03;4.5;4.4624
30-08-2024;06:44:15;1;0.977
30-08-2024;09:22:20;8;8.0634
30-08-2024;09:35:27;8;8.0719
30-08-2024;09:48:07;8;8.0879
30-08-2024;10:02:28;8;8.0602
30-08-2024;10:40:22;8;8.0651
30-08-2024;11:35:26;8;8.1043
30-08-2024;11:45:46;8;8.0737
30-08-2024;11:56:57;2;2.0535
30-08-2024;12:04:25;8;8.0725
30-08-2024;12:16:09;8;8.0732
30-08-2024;12:45:45;5.5;5.5431
30-08-2024;12:57:57;8;8.0764
02-09-2024;06:34:35;0.5;0.4873
02-09-2024;06:47:16;7;6.9522
02-09-2024;07:25:18;6.5;6.5062
02-09-2024;09:23:05;8;8.087
02-09-2024;09:47:08;8;8.0027
02-09-2024;09:53:23;3;2.9093
02-09-2024;10:06:07;8;8.0677
02-09-2024;10:55:37;8;8.0515
02-09-2024;11:06:36;8;8.0423
02-09-2024;11:15:35;7.5;7.5447
02-09-2024;11:59:19;8;8.07
02-09-2024;12:12:35;8;8.04
02-09-2024;12:27:07;7;7.066
02-09-2024;12:35:56;6.5;6.5
02-09-2024;12:54:41;8;8.0189
02-09-2024;13:48:25;4.5;4.536
02-09-2024;14:08:14;7.5;7.4956
02-09-2024;14:25:24;6;6.0396
02-09-2024;14:49:39;8;8.0199
02-09-2024;15:10:10;5;5.0273
02-09-2024;15:54:10;5;5.0629
02-09-2024;16:49:31;8;8.0276
02-09-2024;17:01:00;8;8.0733
02-09-2024;17:11:28;8;8.0871
02-09-2024;17:20:44;7;7.041
03-09-2024;06:10:52;5.5;5.4093
03-09-2024;06:15:47;0.5;0.4936
03-09-2024;06:22:46;2;1.9576
03-09-2024;06:28:38;1.5;1.4721
03-09-2024;06:49:21;4;3.8765
03-09-2024;07:11:17;8;8.0427
03-09-2024;07:28:39;8;8.0933
03-09-2024;08:01:20;9;9.0304
03-09-2024;08:17:38;8;8.0427
03-09-2024;08:27:04;3;3.0166
03-09-2024;08:48:49;9;9.0317
03-09-2024;08:59:54;4;4.0238
03-09-2024;09:10:29;8;8.0779
03-09-2024;09:18:02;4.3;4.3105
03-09-2024;09:56:40;1;1.0009
03-09-2024;10:44:36;2;2.0568
03-09-2024;10:49:14;8;8.0832
03-09-2024;11:05:47;8;8.0422
03-09-2024;11:16:59;8;8.0519
03-09-2024;11:24:43;8;8.0506
03-09-2024;11:41:47;8;8.0897
03-09-2024;12:10:56;8;8.0449
03-09-2024;12:40:32;8;8.0622
03-09-2024;12:58:23;8;8.0732
03-09-2024;13:08:54;8;8.0792
03-09-2024;13:22:15;8;8.0801
03-09-2024;13:38:51;8;8.0691
03-09-2024;13:52:07;8;8.0397
03-09-2024;14:01:52;8;8.0362
03-09-2024;14:12:40;8;8.0591
03-09-2024;14:37:10;8;8.044
03-09-2024;14:59:12;8;8.0557
03-09-2024;15:22:47;8;8.0586
03-09-2024;15:31:01;6;6.0462
03-09-2024;15:41:36;8;8.0787
03-09-2024;15:51:04;7;7.0273
03-09-2024;16:15:47;7;7.0339
03-09-2024;16:25:30;7;7.0383
03-09-2024;16:49:13;3.9;3.9226
03-09-2024;17:21:43;5;5.0257
04-09-2024;06:00:55;0.5;0.486
04-09-2024;06:04:46;1.5;1.4893
04-09-2024;06:15:28;5.5;5.4673
04-09-2024;06:59:13;4;3.8651
04-09-2024;07:15:15;3;3.0033
04-09-2024;07:51:10;1;0.966
04-09-2024;08:03:08;8;8.0308
04-09-2024;08:14:49;9;9.0343
04-09-2024;08:56:04;8;8.037
04-09-2024;09:08:14;8;8.0405
04-09-2024;09:19:33;8;8.0339
04-09-2024;09:27:45;1;0.9769
04-09-2024;09:39:27;8;8.0418
04-09-2024;11:39:54;8;8.0409
04-09-2024;11:54:23;7.6;7.6613
04-09-2024;12:00:37;3;2.9185
04-09-2024;12:27:41;4.5;4.5387
04-09-2024;13:27:20;7;7.024
04-09-2024;13:59:11;7;7.0387
04-09-2024;14:11:13;8.3;8.3189
04-09-2024;14:24:25;8;8.0496
04-09-2024;14:31:06;3;3.077
04-09-2024;14:39:22;6;6.0405
04-09-2024;15:06:17;0.5;0.4708
04-09-2024;15:09:24;0.5;0.4998
04-09-2024;15:20:21;5;5.0444
04-09-2024;15:37:13;8;8.048
04-09-2024;15:45:31;4.3;4.3136
04-09-2024;15:57:37;7.5;7.5739
04-09-2024;16:07:54;7;7.0018
04-09-2024;16:15:56;5.7;5.721
04-09-2024;16:58:54;5;5.015
04-09-2024;17:16:37;9;9.0224
04-09-2024;17:29:31;1;1.018
04-09-2024;17:52:16;1;0.9838
05-09-2024;06:27:25;0.7;0.6946
05-09-2024;06:31:07;1;0.9936
05-09-2024;06:41:23;6;5.9474
05-09-2024;11:45:52;8;8.0418
05-09-2024;11:59:35;8.5;8.5408
05-09-2024;12:11:04;8;8.0552
05-09-2024;12:50:21;8;8.0472
05-09-2024;13:03:02;8;8.058
05-09-2024;13:08:36;0.5;0.4771
05-09-2024;13:33:17;8;8.0599
05-09-2024;14:26:32;6.6;6.6295
05-09-2024;15:48:44;8;8.1379
05-09-2024;15:56:14;3;3.0273
05-09-2024;16:21:00;9;9.0585
05-09-2024;16:30:57;8;8.1043
05-09-2024;17:22:13;3.8;3.8048
06-09-2024;05:54:05;9;9.0574
06-09-2024;06:04:52;8;8.0487
06-09-2024;06:26:11;8;8.0448
06-09-2024;06:49:39;8;8.0357
06-09-2024;07:03:23;9;9.0313
06-09-2024;07:22:45;8;8.0293
06-09-2024;07:37:52;9;9.0277
06-09-2024;07:49:38;8;8.0518
06-09-2024;08:01:49;8;8.0461
06-09-2024;08:14:24;8;8.0361
06-09-2024;08:27:13;9;9.0478
06-09-2024;08:33:04;3;3.0299